:START_ID(Summary),:END_ID(Technique)
00555c3b-4506-431f-a482-884717a6f031,T1033
00555c3b-4506-431f-a482-884717a6f031,T1059.001
00555c3b-4506-431f-a482-884717a6f031,T1087
0075f3eb-1e21-4bc4-a807-920dd658d986,T1071.001
0075f3eb-1e21-4bc4-a807-920dd658d986,T1204.002
013098e7-57f5-4712-9132-e4884186499c,T1033
013098e7-57f5-4712-9132-e4884186499c,T1059.001
013098e7-57f5-4712-9132-e4884186499c,T1087.001
0149ed37-3541-4ad8-97da-1c8ba078d4ff,T1053.005
0149ed37-3541-4ad8-97da-1c8ba078d4ff,T1059.001
0149ed37-3541-4ad8-97da-1c8ba078d4ff,T1105
0149ed37-3541-4ad8-97da-1c8ba078d4ff,T1203
014e6735-f3a7-4d62-a737-1f1783f80a63,T1059.001
014e6735-f3a7-4d62-a737-1f1783f80a63,T1204.002
02371c5a-dedc-4212-92f8-e8f0111aeda4,T1059.001
02371c5a-dedc-4212-92f8-e8f0111aeda4,T1087
02371c5a-dedc-4212-92f8-e8f0111aeda4,T1202
024beb57-4653-41db-a157-cf902112aa1d,T1059.001
024beb57-4653-41db-a157-cf902112aa1d,T1082
024beb57-4653-41db-a157-cf902112aa1d,T1083
024beb57-4653-41db-a157-cf902112aa1d,T1105
024beb57-4653-41db-a157-cf902112aa1d,T1547.001
0258d3e9-f38b-4065-b844-422fced589c8,T1033
0258d3e9-f38b-4065-b844-422fced589c8,T1059.001
0258d3e9-f38b-4065-b844-422fced589c8,T1087.001
0258d3e9-f38b-4065-b844-422fced589c8,T1218.004
0316457c-317d-44a5-a481-351f5b14eafb,T1033
0316457c-317d-44a5-a481-351f5b14eafb,T1046
0316457c-317d-44a5-a481-351f5b14eafb,T1059.001
0316457c-317d-44a5-a481-351f5b14eafb,T1083
0316457c-317d-44a5-a481-351f5b14eafb,T1106
032832db-2316-4878-b3f0-a3526ce7bc41,T1059.001
032832db-2316-4878-b3f0-a3526ce7bc41,T1087.001
032832db-2316-4878-b3f0-a3526ce7bc41,T1105
032832db-2316-4878-b3f0-a3526ce7bc41,T1218
032832db-2316-4878-b3f0-a3526ce7bc41,T1566.001
0338afe0-2ea6-446d-a17b-b9e66ab30b0f,T1003.001
0338afe0-2ea6-446d-a17b-b9e66ab30b0f,T1059.001
0338afe0-2ea6-446d-a17b-b9e66ab30b0f,T1071.001
0338afe0-2ea6-446d-a17b-b9e66ab30b0f,T1086
0338afe0-2ea6-446d-a17b-b9e66ab30b0f,T1552.001
0338afe0-2ea6-446d-a17b-b9e66ab30b0f,T1553.002
0338afe0-2ea6-446d-a17b-b9e66ab30b0f,T1562.001
0351aa09-8f4d-4efb-984f-1c8f58ea4dba,T1033
0351aa09-8f4d-4efb-984f-1c8f58ea4dba,T1059.001
0351aa09-8f4d-4efb-984f-1c8f58ea4dba,T1087
0351aa09-8f4d-4efb-984f-1c8f58ea4dba,T1203
03fa0eab-caa5-41b6-a01e-ab3af9633590,T1036.004
03fa0eab-caa5-41b6-a01e-ab3af9633590,T1059.001
03fa0eab-caa5-41b6-a01e-ab3af9633590,T1071.001
03fa0eab-caa5-41b6-a01e-ab3af9633590,T1105
03fa0eab-caa5-41b6-a01e-ab3af9633590,T1203
040c3896-a511-486b-a848-3ff931e1643c,T1033
040c3896-a511-486b-a848-3ff931e1643c,T1059.001
040c3896-a511-486b-a848-3ff931e1643c,T1087
04230ba0-aaaf-4e64-9a28-3cae274a49fc,T1033
04230ba0-aaaf-4e64-9a28-3cae274a49fc,T1059.001
04230ba0-aaaf-4e64-9a28-3cae274a49fc,T1087
04cea79f-7183-459a-9c75-b95d79c3217d,T1059.001
04cea79f-7183-459a-9c75-b95d79c3217d,T1087.001
04cea79f-7183-459a-9c75-b95d79c3217d,T1112
04cea79f-7183-459a-9c75-b95d79c3217d,T1547.005
05a931f8-6bcb-4be0-a608-d213e72fa948,T1033
05a931f8-6bcb-4be0-a608-d213e72fa948,T1055
05a931f8-6bcb-4be0-a608-d213e72fa948,T1059.001
05a931f8-6bcb-4be0-a608-d213e72fa948,T1087
06021749-5142-4e10-afb5-ebced9daee8b,T1043
06021749-5142-4e10-afb5-ebced9daee8b,T1059.001
06021749-5142-4e10-afb5-ebced9daee8b,T1105
06403b01-7e7f-48a1-9e35-270252d39200,T1033
06403b01-7e7f-48a1-9e35-270252d39200,T1059.001
06403b01-7e7f-48a1-9e35-270252d39200,T1083
06bc1cb1-826d-470d-adb0-d66912f956b9,T1059.001
06bc1cb1-826d-470d-adb0-d66912f956b9,T1071.001
06bc1cb1-826d-470d-adb0-d66912f956b9,T1087.001
06bc1cb1-826d-470d-adb0-d66912f956b9,T1105
06f3a00b-28fa-4b27-b112-7c73b6ecf8b3,T1071.001
06f3a00b-28fa-4b27-b112-7c73b6ecf8b3,T1105
06f3a00b-28fa-4b27-b112-7c73b6ecf8b3,T1566.001
0748290a-ade5-44fa-a239-f16b83cbaa6e,T1059.003
0748290a-ade5-44fa-a239-f16b83cbaa6e,T1105
078426ae-d937-45c4-ad41-774507b35e76,T1043
078426ae-d937-45c4-ad41-774507b35e76,T1059.001
0824956f-7584-4a9d-b020-608392174ec6,T1036
0824956f-7584-4a9d-b020-608392174ec6,T1059.001
0824956f-7584-4a9d-b020-608392174ec6,T1078
0824956f-7584-4a9d-b020-608392174ec6,T1083
0824956f-7584-4a9d-b020-608392174ec6,T1112
0824956f-7584-4a9d-b020-608392174ec6,T1204.002
08479fbe-ae4e-4257-8535-c49af6c62c8a,T1033
08479fbe-ae4e-4257-8535-c49af6c62c8a,T1059.001
08479fbe-ae4e-4257-8535-c49af6c62c8a,T1087.001
0a6f9eaf-dd4b-4c73-b136-33814e387f9b,T1003
0a6f9eaf-dd4b-4c73-b136-33814e387f9b,T1059.001
0c3310aa-5a55-4ce3-b3c5-15255dcc1eb3,T1033
0c3310aa-5a55-4ce3-b3c5-15255dcc1eb3,T1087.001
0d37893e-f85a-40ca-bc68-b44cc447d582,T1033
0d37893e-f85a-40ca-bc68-b44cc447d582,T1059.001
0d37893e-f85a-40ca-bc68-b44cc447d582,T1083
0e2b9244-4a31-4040-84f2-313c14908a7d,T1033
0e2b9244-4a31-4040-84f2-313c14908a7d,T1059.001
0e2b9244-4a31-4040-84f2-313c14908a7d,T1105
0e2b9244-4a31-4040-84f2-313c14908a7d,T1106
0e86734d-b57a-4ec2-9616-53bd5a50a305,T1059
0e86734d-b57a-4ec2-9616-53bd5a50a305,T1059.001
0e86734d-b57a-4ec2-9616-53bd5a50a305,T1087
1051f908-0518-45bf-8d17-3250a3696467,T1047
1051f908-0518-45bf-8d17-3250a3696467,T1055.001
1051f908-0518-45bf-8d17-3250a3696467,T1059.001
1051f908-0518-45bf-8d17-3250a3696467,T1071.001
10cf445a-f0d9-42e9-8833-3f0879974e29,T1055
10cf445a-f0d9-42e9-8833-3f0879974e29,T1059.001
10ded1c1-2d3f-4105-b7dd-f11dbebdf7e2,T1055
10ded1c1-2d3f-4105-b7dd-f11dbebdf7e2,T1059.001
11268744-b1a3-4241-b103-443235a252aa,T1059.001
11268744-b1a3-4241-b103-443235a252aa,T1105
11268744-b1a3-4241-b103-443235a252aa,T1204.002
12c32e1d-52c0-49c2-b1e5-dd4945116648,T1047
12c32e1d-52c0-49c2-b1e5-dd4945116648,T1059.001
12c32e1d-52c0-49c2-b1e5-dd4945116648,T1071.001
12c32e1d-52c0-49c2-b1e5-dd4945116648,T1078
12c32e1d-52c0-49c2-b1e5-dd4945116648,T1105
12c32e1d-52c0-49c2-b1e5-dd4945116648,T1136.001
13649319-4459-4ae0-94a1-5673afd14f8d,T1021.002
13649319-4459-4ae0-94a1-5673afd14f8d,T1059.001
13649319-4459-4ae0-94a1-5673afd14f8d,T1106
13649319-4459-4ae0-94a1-5673afd14f8d,T1566.001
13649319-4459-4ae0-94a1-5673afd14f8d,T1569.002
13b9b89d-c871-4b8d-9834-1145d21113c5,T1033
13b9b89d-c871-4b8d-9834-1145d21113c5,T1059.001
13b9b89d-c871-4b8d-9834-1145d21113c5,T1082
13b9b89d-c871-4b8d-9834-1145d21113c5,T1106
13b9b89d-c871-4b8d-9834-1145d21113c5,T1204.002
15cd8ba6-560c-49aa-9c8a-92f81531e891,T1036
15cd8ba6-560c-49aa-9c8a-92f81531e891,T1059.001
15cd8ba6-560c-49aa-9c8a-92f81531e891,T1569.002
15ec07c8-8fb7-423c-a65a-9c58a75a05cd,T1059.003
15ec07c8-8fb7-423c-a65a-9c58a75a05cd,T1105
15ec07c8-8fb7-423c-a65a-9c58a75a05cd,T1203
168458f4-d377-4458-b8cc-173bd715dab5,T1059.003
168458f4-d377-4458-b8cc-173bd715dab5,T1105
16e3f0f6-75c7-4fe2-b4dc-811bb4b48c7c,T1055
16e3f0f6-75c7-4fe2-b4dc-811bb4b48c7c,T1059.001
1743b7f8-9e0f-419a-9250-4d0ebab17b8a,T1048
1743b7f8-9e0f-419a-9250-4d0ebab17b8a,T1059.001
1743b7f8-9e0f-419a-9250-4d0ebab17b8a,T1059.003
1743b7f8-9e0f-419a-9250-4d0ebab17b8a,T1105
1832d90e-1c30-44fc-ae3a-ad527d6fe526,T1027
1832d90e-1c30-44fc-ae3a-ad527d6fe526,T1049
1832d90e-1c30-44fc-ae3a-ad527d6fe526,T1059.001
1832d90e-1c30-44fc-ae3a-ad527d6fe526,T1087
1839537a-7464-4056-a33f-a778cf40e7ed,T1059.001
1839537a-7464-4056-a33f-a778cf40e7ed,T1059.003
1839537a-7464-4056-a33f-a778cf40e7ed,T1203
18876234-ecb8-40ae-a05a-317c5ba4cf6c,T1059.001
18876234-ecb8-40ae-a05a-317c5ba4cf6c,T1059.002
18876234-ecb8-40ae-a05a-317c5ba4cf6c,T1059.003
18876234-ecb8-40ae-a05a-317c5ba4cf6c,T1087.001
18876234-ecb8-40ae-a05a-317c5ba4cf6c,T1204.002
1a2c4f33-5e0a-4bd9-96d7-d402791fd313,T1059.001
1a2c4f33-5e0a-4bd9-96d7-d402791fd313,T1059.003
1a2c4f33-5e0a-4bd9-96d7-d402791fd313,T1546.011
1a44d7ab-ba89-4bea-921f-3dede1fac199,T1033
1a44d7ab-ba89-4bea-921f-3dede1fac199,T1059.001
1a4af2d4-ec64-459e-a15e-bb8b07de5231,T1059
1a4af2d4-ec64-459e-a15e-bb8b07de5231,T1059.001
1a4af2d4-ec64-459e-a15e-bb8b07de5231,T1071.001
1a4af2d4-ec64-459e-a15e-bb8b07de5231,T1087
1cb57d8e-4a25-4e51-a45e-0e5a5d19e2fe,T1050
1cb57d8e-4a25-4e51-a45e-0e5a5d19e2fe,T1059.001
1cb57d8e-4a25-4e51-a45e-0e5a5d19e2fe,T1071.001
1cb57d8e-4a25-4e51-a45e-0e5a5d19e2fe,T1218.011
1d2c04af-ed83-4d72-a6b3-5df3d9bb0b42,T1033
1d2c04af-ed83-4d72-a6b3-5df3d9bb0b42,T1087.001
1d82165f-e87b-4a7d-bc8b-3beae7a56bf4,T1036
1d82165f-e87b-4a7d-bc8b-3beae7a56bf4,T1059.001
1d82165f-e87b-4a7d-bc8b-3beae7a56bf4,T1087.001
1d82165f-e87b-4a7d-bc8b-3beae7a56bf4,T1547.001
1ef38e6e-516e-4789-9f5c-6c140546de6a,T1059.001
1ef38e6e-516e-4789-9f5c-6c140546de6a,T1071.001
1ef38e6e-516e-4789-9f5c-6c140546de6a,T1087.001
1ef38e6e-516e-4789-9f5c-6c140546de6a,T1105
1ef38e6e-516e-4789-9f5c-6c140546de6a,T1569.002
1fb56e08-3be7-41bd-b4b3-f9ce212adbf2,T1033
1fb56e08-3be7-41bd-b4b3-f9ce212adbf2,T1059.001
1fb56e08-3be7-41bd-b4b3-f9ce212adbf2,T1071.001
1fb56e08-3be7-41bd-b4b3-f9ce212adbf2,T1083
1fefdc00-60fb-4d50-87fc-ec06627f3244,T1055
1fefdc00-60fb-4d50-87fc-ec06627f3244,T1059.001
1fefdc00-60fb-4d50-87fc-ec06627f3244,T1071.001
1fefdc00-60fb-4d50-87fc-ec06627f3244,T1087.001
1fefdc00-60fb-4d50-87fc-ec06627f3244,T1105
1fefdc00-60fb-4d50-87fc-ec06627f3244,T1566.001
21721b69-a3cc-4ea9-8fd1-b126713e2191,T1033
21721b69-a3cc-4ea9-8fd1-b126713e2191,T1059.001
21721b69-a3cc-4ea9-8fd1-b126713e2191,T1087.001
21721b69-a3cc-4ea9-8fd1-b126713e2191,T1204.002
2190c1f9-26fa-4c3a-b4d0-6edd08ed8f0b,T1021.001
2190c1f9-26fa-4c3a-b4d0-6edd08ed8f0b,T1036.004
2190c1f9-26fa-4c3a-b4d0-6edd08ed8f0b,T1053.005
2190c1f9-26fa-4c3a-b4d0-6edd08ed8f0b,T1059.001
2190c1f9-26fa-4c3a-b4d0-6edd08ed8f0b,T1087.001
2190c1f9-26fa-4c3a-b4d0-6edd08ed8f0b,T1569.002
228f35da-66f9-4a6d-bf93-311b5daf19d9,T1003
228f35da-66f9-4a6d-bf93-311b5daf19d9,T1059.001
228f35da-66f9-4a6d-bf93-311b5daf19d9,T1083
228f35da-66f9-4a6d-bf93-311b5daf19d9,T1087.001
237694e7-879e-45d6-adc8-335237a84bef,T1059.003
237dcff5-f95c-4268-a494-726edf85702b,T1033
237dcff5-f95c-4268-a494-726edf85702b,T1059.001
237dcff5-f95c-4268-a494-726edf85702b,T1059.003
237dcff5-f95c-4268-a494-726edf85702b,T1087
238d3adf-04ca-4bd6-a416-3df5ee60568b,T1059.001
238d3adf-04ca-4bd6-a416-3df5ee60568b,T1087
238d3adf-04ca-4bd6-a416-3df5ee60568b,T1204.002
23b8a681-bf05-462d-91c8-ddd1855c0e74,T1033
23b8a681-bf05-462d-91c8-ddd1855c0e74,T1087.001
242f306d-1abc-4195-b2fa-9e43cbf79dcc,T1053.005
242f306d-1abc-4195-b2fa-9e43cbf79dcc,T1059.001
242f306d-1abc-4195-b2fa-9e43cbf79dcc,T1059.007
242f306d-1abc-4195-b2fa-9e43cbf79dcc,T1087.001
2443ab2c-b636-44f0-bcbb-d59af5f204cc,T1059.001
2443ab2c-b636-44f0-bcbb-d59af5f204cc,T1059.003
2443ab2c-b636-44f0-bcbb-d59af5f204cc,T1106
2443ab2c-b636-44f0-bcbb-d59af5f204cc,T1127
24863406-bfc7-48dc-b8d3-294ebce64cd9,T1033
24863406-bfc7-48dc-b8d3-294ebce64cd9,T1059.001
24863406-bfc7-48dc-b8d3-294ebce64cd9,T1059.003
24863406-bfc7-48dc-b8d3-294ebce64cd9,T1083
24a24fec-eb9e-4081-82ac-13bf2f9e350c,T1055
24a24fec-eb9e-4081-82ac-13bf2f9e350c,T1059.001
24a24fec-eb9e-4081-82ac-13bf2f9e350c,T1059.003
251d67e0-23f4-4e76-9407-a1b3378d1d0d,T1059
251d67e0-23f4-4e76-9407-a1b3378d1d0d,T1059.001
251d67e0-23f4-4e76-9407-a1b3378d1d0d,T1087.001
251d67e0-23f4-4e76-9407-a1b3378d1d0d,T1562.001
2564a7a6-f6fe-4847-b6e7-e45955ed73dd,T1059.001
2564a7a6-f6fe-4847-b6e7-e45955ed73dd,T1087
2564a7a6-f6fe-4847-b6e7-e45955ed73dd,T1204.002
25e1b546-9cbb-4902-8d21-05a6558be958,T1059.001
25e1b546-9cbb-4902-8d21-05a6558be958,T1083
25e1b546-9cbb-4902-8d21-05a6558be958,T1087
25e1b546-9cbb-4902-8d21-05a6558be958,T1565.001
26003d33-ef65-48ae-acd1-e0f7bff56e6b,T1059.001
26003d33-ef65-48ae-acd1-e0f7bff56e6b,T1086
26003d33-ef65-48ae-acd1-e0f7bff56e6b,T1105
26003d33-ef65-48ae-acd1-e0f7bff56e6b,T1216
26003d33-ef65-48ae-acd1-e0f7bff56e6b,T1218.011
268f184f-b4f3-4dcc-b581-6adc39835a4d,T1059.001
268f184f-b4f3-4dcc-b581-6adc39835a4d,T1087.001
268f184f-b4f3-4dcc-b581-6adc39835a4d,T1204.002
268f184f-b4f3-4dcc-b581-6adc39835a4d,T1566.001
26e3c9d6-a979-4c52-84d6-296ae3e7c415,T1059.001
26e3c9d6-a979-4c52-84d6-296ae3e7c415,T1059.003
26e3c9d6-a979-4c52-84d6-296ae3e7c415,T1087.001
26e621f7-38d6-498c-9cf0-9a7913470b6b,T1059.001
26e621f7-38d6-498c-9cf0-9a7913470b6b,T1569.002
2707434f-ae46-4f36-8b61-80f283a45ab6,T1003.001
2707434f-ae46-4f36-8b61-80f283a45ab6,T1059.001
2707434f-ae46-4f36-8b61-80f283a45ab6,T1071.001
2707434f-ae46-4f36-8b61-80f283a45ab6,T1105
27765518-dea6-4a51-9fef-4008c60ee27e,T1033
27765518-dea6-4a51-9fef-4008c60ee27e,T1059.001
27765518-dea6-4a51-9fef-4008c60ee27e,T1087.001
27f8acd1-eb0e-434c-a31d-59fc3143cff7,T1059.003
27f8acd1-eb0e-434c-a31d-59fc3143cff7,T1203
28db888e-01a0-4e7c-ae27-0abf99c876ed,T1059.001
28db888e-01a0-4e7c-ae27-0abf99c876ed,T1106
28db888e-01a0-4e7c-ae27-0abf99c876ed,T1204.002
28db888e-01a0-4e7c-ae27-0abf99c876ed,T1500
2981b7a5-e21b-4019-9c97-2845878ba5e4,T1059.001
2981b7a5-e21b-4019-9c97-2845878ba5e4,T1086
2989c3b1-57ae-4d67-bfbc-60db02d2c17a,T1033
2989c3b1-57ae-4d67-bfbc-60db02d2c17a,T1059.001
2989c3b1-57ae-4d67-bfbc-60db02d2c17a,T1087
2c70d653-41b7-4a01-9b2f-0341f6db0f0e,T1003
2c70d653-41b7-4a01-9b2f-0341f6db0f0e,T1059.001
2c70d653-41b7-4a01-9b2f-0341f6db0f0e,T1059.003
2c70d653-41b7-4a01-9b2f-0341f6db0f0e,T1083
2c70d653-41b7-4a01-9b2f-0341f6db0f0e,T1087
2ce837f7-6d4d-4511-aed9-05686dadd03e,T1033
2ce837f7-6d4d-4511-aed9-05686dadd03e,T1059.001
2ce837f7-6d4d-4511-aed9-05686dadd03e,T1071
2ce837f7-6d4d-4511-aed9-05686dadd03e,T1562.002
2ce837f7-6d4d-4511-aed9-05686dadd03e,T1569.002
2ce837f7-6d4d-4511-aed9-05686dadd03e,T1574.002
2cfab141-40d6-42e7-8bc6-e987db80c920,T1059.001
2cfab141-40d6-42e7-8bc6-e987db80c920,T1071.001
2cfab141-40d6-42e7-8bc6-e987db80c920,T1087.001
2cfab141-40d6-42e7-8bc6-e987db80c920,T1105
2cfab141-40d6-42e7-8bc6-e987db80c920,T1127
2d9bc6d4-320b-463a-a298-cdae744a44fa,T1033
2e5d4332-24ab-424a-891d-2165a8f54854,T1059
2e5d4332-24ab-424a-891d-2165a8f54854,T1059.001
2e60e991-503a-4dd1-b166-0c73c17646b3,T1036.003
2e60e991-503a-4dd1-b166-0c73c17646b3,T1047
2e60e991-503a-4dd1-b166-0c73c17646b3,T1059.001
2e60e991-503a-4dd1-b166-0c73c17646b3,T1083
2e60e991-503a-4dd1-b166-0c73c17646b3,T1105
2f4e9c81-ef65-4956-9197-ec1afdb1d3a0,T1059.001
2f4e9c81-ef65-4956-9197-ec1afdb1d3a0,T1203
2ff09229-2012-4ab5-8dcc-94841b1279c0,T1059.001
2ff09229-2012-4ab5-8dcc-94841b1279c0,T1059.003
2ff09229-2012-4ab5-8dcc-94841b1279c0,T1218.011
2ff09229-2012-4ab5-8dcc-94841b1279c0,T1566.001
300a930a-fee0-48a2-9bcc-01ccd4033cac,T1046
300a930a-fee0-48a2-9bcc-01ccd4033cac,T1059.001
300a930a-fee0-48a2-9bcc-01ccd4033cac,T1071.001
300a930a-fee0-48a2-9bcc-01ccd4033cac,T1083
300a930a-fee0-48a2-9bcc-01ccd4033cac,T1105
30527ea7-017c-496e-ada6-3a01c1021b32,T1033
30527ea7-017c-496e-ada6-3a01c1021b32,T1059.001
30527ea7-017c-496e-ada6-3a01c1021b32,T1090.001
30527ea7-017c-496e-ada6-3a01c1021b32,T1203
30527ea7-017c-496e-ada6-3a01c1021b32,T1505.003
30e93277-9b8e-4a46-a82a-9bb561344f10,T1059.001
30e93277-9b8e-4a46-a82a-9bb561344f10,T1204.002
30ffb489-1921-4a21-84e9-880f53d13cee,T1059.001
30ffb489-1921-4a21-84e9-880f53d13cee,T1087
30ffb489-1921-4a21-84e9-880f53d13cee,T1106
30ffb489-1921-4a21-84e9-880f53d13cee,T1124
30ffb489-1921-4a21-84e9-880f53d13cee,T1218.011
31f4c4a7-fa46-4326-9e00-704465232055,T1059.001
31f4c4a7-fa46-4326-9e00-704465232055,T1105
31f4c4a7-fa46-4326-9e00-704465232055,T1112
31f4c4a7-fa46-4326-9e00-704465232055,T1569.002
3247dcdd-516c-4545-ae95-d4d95b3cfc79,T1033
3247dcdd-516c-4545-ae95-d4d95b3cfc79,T1059.001
3247dcdd-516c-4545-ae95-d4d95b3cfc79,T1059.003
3247dcdd-516c-4545-ae95-d4d95b3cfc79,T1087
3372ae3b-706a-4ed7-89bd-df90669822b8,T1033
3372ae3b-706a-4ed7-89bd-df90669822b8,T1087
33bf63ed-3b31-4911-98a0-dd52b4008403,T1033
33bf63ed-3b31-4911-98a0-dd52b4008403,T1059.001
33bf63ed-3b31-4911-98a0-dd52b4008403,T1087.001
340e13d8-2a64-4c0f-9f71-d5f588e0b0dc,T1003.001
340e13d8-2a64-4c0f-9f71-d5f588e0b0dc,T1033
340e13d8-2a64-4c0f-9f71-d5f588e0b0dc,T1059.001
340e13d8-2a64-4c0f-9f71-d5f588e0b0dc,T1203
369cfe85-6640-40f3-b3c8-015aa56a0870,T1033
369cfe85-6640-40f3-b3c8-015aa56a0870,T1059.001
369cfe85-6640-40f3-b3c8-015aa56a0870,T1087.001
369cfe85-6640-40f3-b3c8-015aa56a0870,T1105
369cfe85-6640-40f3-b3c8-015aa56a0870,T1204.002
369cfe85-6640-40f3-b3c8-015aa56a0870,T1218.003
36e0cef8-f128-4a18-b99d-e57417dec9f0,T1055
36e0cef8-f128-4a18-b99d-e57417dec9f0,T1059.001
382cdfc2-6bc0-4817-ae83-b13de2d449f7,T1059.001
382cdfc2-6bc0-4817-ae83-b13de2d449f7,T1078.001
382cdfc2-6bc0-4817-ae83-b13de2d449f7,T1087.001
382cdfc2-6bc0-4817-ae83-b13de2d449f7,T1105
382cdfc2-6bc0-4817-ae83-b13de2d449f7,T1136
388f0d4c-e441-4413-b6d3-7785011a5ac9,T1059.001
388f0d4c-e441-4413-b6d3-7785011a5ac9,T1081
388f0d4c-e441-4413-b6d3-7785011a5ac9,T1087.001
388f0d4c-e441-4413-b6d3-7785011a5ac9,T1566
3901b5a5-af84-4dee-8c6e-f586b12297de,T1021.002
3901b5a5-af84-4dee-8c6e-f586b12297de,T1059.001
3901b5a5-af84-4dee-8c6e-f586b12297de,T1071.001
3901b5a5-af84-4dee-8c6e-f586b12297de,T1105
3901b5a5-af84-4dee-8c6e-f586b12297de,T1566.001
39a782ee-34a9-4e6f-864f-1eebd7691b9f,T1059.001
39a782ee-34a9-4e6f-864f-1eebd7691b9f,T1087
39a782ee-34a9-4e6f-864f-1eebd7691b9f,T1106
39a782ee-34a9-4e6f-864f-1eebd7691b9f,T1204.002
39ca0ecc-e1d3-4491-955a-8d9b906ad7e5,T1059.001
39ca0ecc-e1d3-4491-955a-8d9b906ad7e5,T1059.003
39ca0ecc-e1d3-4491-955a-8d9b906ad7e5,T1203
3a06afe5-41b3-4e7b-a4fa-82322ed712f1,T1112
3a06afe5-41b3-4e7b-a4fa-82322ed712f1,T1562.001
3a5c402f-c060-4829-ab47-2a8eefcbe25d,T1036.005
3a5c402f-c060-4829-ab47-2a8eefcbe25d,T1059.001
3a5c402f-c060-4829-ab47-2a8eefcbe25d,T1106
3a5c402f-c060-4829-ab47-2a8eefcbe25d,T1218
3aea1692-9b21-4a4c-9230-696b21f3824e,T1016
3aea1692-9b21-4a4c-9230-696b21f3824e,T1053.005
3aea1692-9b21-4a4c-9230-696b21f3824e,T1059.001
3aea1692-9b21-4a4c-9230-696b21f3824e,T1059.003
3aea1692-9b21-4a4c-9230-696b21f3824e,T1105
3b360091-a246-4f86-b8fa-3df081e8c135,T1057
3b360091-a246-4f86-b8fa-3df081e8c135,T1087
3c5ac4e4-9252-4cfd-ae17-4a1d7dc4830a,T1059.001
3c5ac4e4-9252-4cfd-ae17-4a1d7dc4830a,T1059.003
3c5ac4e4-9252-4cfd-ae17-4a1d7dc4830a,T1203
3cd0c681-9dd3-4139-b597-6998a90fd242,T1071.001
3cd0c681-9dd3-4139-b597-6998a90fd242,T1105
3cd0c681-9dd3-4139-b597-6998a90fd242,T1204.002
3cda3e77-a7b6-46a5-ae00-77b86b9b3d59,T1055
3cda3e77-a7b6-46a5-ae00-77b86b9b3d59,T1071
3ce8ed95-b0cf-4a93-9758-7aac633c35f9,T1033
3ce8ed95-b0cf-4a93-9758-7aac633c35f9,T1046
3ce8ed95-b0cf-4a93-9758-7aac633c35f9,T1059.001
3ce8ed95-b0cf-4a93-9758-7aac633c35f9,T1566
3dc685c4-44a3-4228-81fb-4d1d9f198487,T1059.001
3dc685c4-44a3-4228-81fb-4d1d9f198487,T1059.003
3dc685c4-44a3-4228-81fb-4d1d9f198487,T1574.010
3dfd88b6-8c27-4077-ae1f-9d7198e3325c,T1033
3dfd88b6-8c27-4077-ae1f-9d7198e3325c,T1059.001
3dfd88b6-8c27-4077-ae1f-9d7198e3325c,T1087
3e50088b-d7f8-41a8-97e7-a3ccd954ba39,T1033
3eb06505-9585-41dc-9ac8-3ab28c6bed19,T1021.002
3eb06505-9585-41dc-9ac8-3ab28c6bed19,T1059.003
3f3b8b6d-8540-41e7-ac25-dd30425d8adf,T1003
3f3b8b6d-8540-41e7-ac25-dd30425d8adf,T1012
3f3b8b6d-8540-41e7-ac25-dd30425d8adf,T1059.001
3f6803e2-948a-4b46-92ec-8764a1017c61,T1059
3f6803e2-948a-4b46-92ec-8764a1017c61,T1059.001
3f6803e2-948a-4b46-92ec-8764a1017c61,T1083
3f6803e2-948a-4b46-92ec-8764a1017c61,T1548.002
3ff203c5-c307-4d4d-9679-5095d8054f18,T1036.005
3ff203c5-c307-4d4d-9679-5095d8054f18,T1059.001
3ff203c5-c307-4d4d-9679-5095d8054f18,T1105
4019717d-1df4-4158-8e02-959ba16bcd6d,T1033
4019717d-1df4-4158-8e02-959ba16bcd6d,T1059.001
4019717d-1df4-4158-8e02-959ba16bcd6d,T1087.001
409b8026-406f-4c3f-b23b-f37b2df7aeb3,T1059.001
409b8026-406f-4c3f-b23b-f37b2df7aeb3,T1059.003
409b8026-406f-4c3f-b23b-f37b2df7aeb3,T1546.015
40eb2902-b14a-44c7-8e65-b93decf8e3ed,T1059.001
40eb2902-b14a-44c7-8e65-b93decf8e3ed,T1059.003
40eb2902-b14a-44c7-8e65-b93decf8e3ed,T1105
40f6385d-ed4f-4b30-b1b0-6414c59ba0be,T1033
40f6385d-ed4f-4b30-b1b0-6414c59ba0be,T1059.001
40f6385d-ed4f-4b30-b1b0-6414c59ba0be,T1087.001
4134a561-d581-4e3b-8008-5dab91daa2c3,T1033
4134a561-d581-4e3b-8008-5dab91daa2c3,T1059.001
4134a561-d581-4e3b-8008-5dab91daa2c3,T1082
4134a561-d581-4e3b-8008-5dab91daa2c3,T1204.002
413a00e9-7561-48fc-8344-af1b35d4fa7f,T1059.001
413a00e9-7561-48fc-8344-af1b35d4fa7f,T1204.002
41431e36-93fe-4430-95dc-e64762e83434,T1059.001
41431e36-93fe-4430-95dc-e64762e83434,T1105
41431e36-93fe-4430-95dc-e64762e83434,T1204
41df3d27-2399-48ad-abdd-a009ac074157,T1055
41df3d27-2399-48ad-abdd-a009ac074157,T1059.001
41df3d27-2399-48ad-abdd-a009ac074157,T1071.001
41df3d27-2399-48ad-abdd-a009ac074157,T1083
41df3d27-2399-48ad-abdd-a009ac074157,T1087.001
41df3d27-2399-48ad-abdd-a009ac074157,T1105
4233054e-3a3f-4bda-a656-736ee03c6ac5,T1036
4233054e-3a3f-4bda-a656-736ee03c6ac5,T1057
4233054e-3a3f-4bda-a656-736ee03c6ac5,T1059.001
4233054e-3a3f-4bda-a656-736ee03c6ac5,T1083
4233054e-3a3f-4bda-a656-736ee03c6ac5,T1105
42b725f1-91dc-46a9-a22c-f1ecbf637183,T1059.001
42b725f1-91dc-46a9-a22c-f1ecbf637183,T1105
42b725f1-91dc-46a9-a22c-f1ecbf637183,T1204.002
43cb37fa-a7c5-4094-8cfd-9edb0e7709e0,T1569.002
46a028f5-6f4a-4f0b-91a4-6328ff7ab4fc,T1204.002
47090408-08e0-4a6d-a01b-57e9ce452d62,T1218
47090408-08e0-4a6d-a01b-57e9ce452d62,T1569.002
47090408-08e0-4a6d-a01b-57e9ce452d62,T1570
491a6e40-e8a0-4372-8717-10431f5d9f2e,T1059.001
491a6e40-e8a0-4372-8717-10431f5d9f2e,T1204.002
496760ac-f93a-4ac1-b97f-0dd7ece1a500,T1027
496760ac-f93a-4ac1-b97f-0dd7ece1a500,T1204
4a24de29-d8a0-4de6-99a5-314e092610b2,T1057
4a24de29-d8a0-4de6-99a5-314e092610b2,T1059.001
4a24de29-d8a0-4de6-99a5-314e092610b2,T1087
4a48ba1d-d802-484e-8836-65a6c5f6ff51,T1059.001
4a48ba1d-d802-484e-8836-65a6c5f6ff51,T1071.001
4a48ba1d-d802-484e-8836-65a6c5f6ff51,T1083
4a48ba1d-d802-484e-8836-65a6c5f6ff51,T1105
4a48ba1d-d802-484e-8836-65a6c5f6ff51,T1203
4b9d3bf0-b327-4a9d-8c9b-27fce68db5e0,T1055
4b9d3bf0-b327-4a9d-8c9b-27fce68db5e0,T1059.001
4b9d3bf0-b327-4a9d-8c9b-27fce68db5e0,T1059.003
4b9d3bf0-b327-4a9d-8c9b-27fce68db5e0,T1086
4c43b66e-9f28-4f34-8842-746575fa9e7f,T1059.001
4c43b66e-9f28-4f34-8842-746575fa9e7f,T1087
4c6640b1-5771-4ec0-95d4-e2f13b8508dd,T1059.001
4c6640b1-5771-4ec0-95d4-e2f13b8508dd,T1087.001
4c935023-d5f1-4914-bca8-576ada59abd5,T1055
4c935023-d5f1-4914-bca8-576ada59abd5,T1059.001
4c935023-d5f1-4914-bca8-576ada59abd5,T1105
4e07cef4-605f-41e1-9e9e-58129963fa51,T1059.001
4e07cef4-605f-41e1-9e9e-58129963fa51,T1203
4edc4492-deaf-4a75-a251-31161cdc690e,T1055
4edc4492-deaf-4a75-a251-31161cdc690e,T1059.001
4edc4492-deaf-4a75-a251-31161cdc690e,T1086
4fb4d24c-3819-48be-847d-3b187097e391,T1016
4fb4d24c-3819-48be-847d-3b187097e391,T1059.001
4fb4d24c-3819-48be-847d-3b187097e391,T1078
4fb4d24c-3819-48be-847d-3b187097e391,T1083
4fb4d24c-3819-48be-847d-3b187097e391,T1105
4ffef31e-4e9b-4a22-9742-27fc4b3e13f5,T1218.001
503823a5-1d4a-43a2-b700-ec51eb272960,T1059
503823a5-1d4a-43a2-b700-ec51eb272960,T1071.001
503823a5-1d4a-43a2-b700-ec51eb272960,T1105
5176c2ce-cb70-4b66-ac38-8ae1bf312a41,T1055
5176c2ce-cb70-4b66-ac38-8ae1bf312a41,T1059.001
51ca829c-4a12-4824-a08f-e65801e9003e,T1059.001
51ca829c-4a12-4824-a08f-e65801e9003e,T1087.001
51ca829c-4a12-4824-a08f-e65801e9003e,T1562.003
521f339f-a878-42ad-898c-4950a77ca213,T1033
521f339f-a878-42ad-898c-4950a77ca213,T1059.001
521f339f-a878-42ad-898c-4950a77ca213,T1087.001
521f339f-a878-42ad-898c-4950a77ca213,T1204.002
525dd26e-2fb8-49ff-ab33-fa3570128ba8,T1105
525dd26e-2fb8-49ff-ab33-fa3570128ba8,T1565.001
5292f6a7-2fe0-40c7-8061-e95960a38817,T1059
5292f6a7-2fe0-40c7-8061-e95960a38817,T1059.001
5292f6a7-2fe0-40c7-8061-e95960a38817,T1087.001
52ca6dd0-2f98-41d8-b376-d4af64bfba90,T1033
52ca6dd0-2f98-41d8-b376-d4af64bfba90,T1059.001
52ca6dd0-2f98-41d8-b376-d4af64bfba90,T1087.001
530b484f-35a7-4308-8569-597f88e5129c,T1055
530b484f-35a7-4308-8569-597f88e5129c,T1059.001
53604710-e2ac-490d-b2bf-712874933bbe,T1005
53604710-e2ac-490d-b2bf-712874933bbe,T1059
53b8d634-0e20-4c59-abae-7e6fa236f9fa,T1047
53b8d634-0e20-4c59-abae-7e6fa236f9fa,T1059.001
53b8d634-0e20-4c59-abae-7e6fa236f9fa,T1083
53b8d634-0e20-4c59-abae-7e6fa236f9fa,T1562.001
53b8dc57-94f7-42bc-a872-af8364639791,T1055.012
53b8dc57-94f7-42bc-a872-af8364639791,T1059.001
53b8dc57-94f7-42bc-a872-af8364639791,T1086
547da484-0119-4f64-a216-fde698a28a50,T1055.001
547da484-0119-4f64-a216-fde698a28a50,T1059.001
547da484-0119-4f64-a216-fde698a28a50,T1071.001
547da484-0119-4f64-a216-fde698a28a50,T1081
54a161e9-ba1f-4d21-b2b5-b265fae6118c,T1003.002
54a161e9-ba1f-4d21-b2b5-b265fae6118c,T1005
54a161e9-ba1f-4d21-b2b5-b265fae6118c,T1016
54a161e9-ba1f-4d21-b2b5-b265fae6118c,T1059.001
55112def-bb3a-45de-ba82-556fee8a3111,T1033
55112def-bb3a-45de-ba82-556fee8a3111,T1087
55483903-fd1b-4ad9-a2d7-edf26952a077,T1059
55483903-fd1b-4ad9-a2d7-edf26952a077,T1059.001
55483903-fd1b-4ad9-a2d7-edf26952a077,T1087
55943d2b-9bbc-4467-8fb1-077638cacdcb,T1059.003
55943d2b-9bbc-4467-8fb1-077638cacdcb,T1574.002
55975465-4473-422e-bb99-e7127fcd5a14,T1033
55975465-4473-422e-bb99-e7127fcd5a14,T1087.001
55be3d86-bea9-4c7b-b271-9d27a935a3d4,T1033
55be3d86-bea9-4c7b-b271-9d27a935a3d4,T1059.001
55be3d86-bea9-4c7b-b271-9d27a935a3d4,T1083
55be3d86-bea9-4c7b-b271-9d27a935a3d4,T1106
55be3d86-bea9-4c7b-b271-9d27a935a3d4,T1110
55be3d86-bea9-4c7b-b271-9d27a935a3d4,T1566.001
564315c5-3efa-48df-8d7e-005e8a60d394,T1033
564315c5-3efa-48df-8d7e-005e8a60d394,T1059.001
564315c5-3efa-48df-8d7e-005e8a60d394,T1083
564315c5-3efa-48df-8d7e-005e8a60d394,T1105
564315c5-3efa-48df-8d7e-005e8a60d394,T1204.002
56c368d7-75d3-4e98-b6f8-2206d8359890,T1027
56c368d7-75d3-4e98-b6f8-2206d8359890,T1059.001
56c368d7-75d3-4e98-b6f8-2206d8359890,T1071.001
56c368d7-75d3-4e98-b6f8-2206d8359890,T1105
56c368d7-75d3-4e98-b6f8-2206d8359890,T1566
5728b23e-4a66-4f6e-bfc2-05f7c8477a3a,T1059.003
586d5d5d-68c9-4b07-8642-31e70c6fc467,T1033
586d5d5d-68c9-4b07-8642-31e70c6fc467,T1059.001
586d5d5d-68c9-4b07-8642-31e70c6fc467,T1087.001
586d5d5d-68c9-4b07-8642-31e70c6fc467,T1566.001
58ed4284-b563-4621-acac-5e05d6b0cc6a,T1003
58ed4284-b563-4621-acac-5e05d6b0cc6a,T1059.001
58ed4284-b563-4621-acac-5e05d6b0cc6a,T1087
58ed4284-b563-4621-acac-5e05d6b0cc6a,T1203
59b4a9a2-eb67-4797-9c77-738bcb5ae416,T1059.001
59b4a9a2-eb67-4797-9c77-738bcb5ae416,T1087.001
59b4a9a2-eb67-4797-9c77-738bcb5ae416,T1218
5a87f490-57bc-4c59-876c-2f503e99b2b4,T1059.001
5a87f490-57bc-4c59-876c-2f503e99b2b4,T1087
5a87f490-57bc-4c59-876c-2f503e99b2b4,T1566
5aa60d86-b93f-47d7-9929-977c371adf7c,T1059.001
5aa60d86-b93f-47d7-9929-977c371adf7c,T1059.003
5aa60d86-b93f-47d7-9929-977c371adf7c,T1105
5aa60d86-b93f-47d7-9929-977c371adf7c,T1204.002
5b8d39e6-71e7-4f45-8a23-bd5bc6947d02,T1003.001
5b8d39e6-71e7-4f45-8a23-bd5bc6947d02,T1059.001
5ba8713e-046d-4745-b4ec-b6743468df68,T1059.001
5ba8713e-046d-4745-b4ec-b6743468df68,T1071.001
5ba8713e-046d-4745-b4ec-b6743468df68,T1087.001
5c6d7343-a4a7-4173-ab10-a1d754bf276d,T1033
5c6d7343-a4a7-4173-ab10-a1d754bf276d,T1059.001
5c6d7343-a4a7-4173-ab10-a1d754bf276d,T1071
5c6d7343-a4a7-4173-ab10-a1d754bf276d,T1087
5d418209-ab62-4bd7-811b-f6243702e6a1,T1059.001
5d418209-ab62-4bd7-811b-f6243702e6a1,T1105
5d418209-ab62-4bd7-811b-f6243702e6a1,T1218.011
5ecbfc05-0119-4de6-b101-1d804e0a3b79,T1059.001
5ecbfc05-0119-4de6-b101-1d804e0a3b79,T1086
5f1b1d0b-1483-4c6d-8c99-0a0532d3d546,T1059.001
5f1b1d0b-1483-4c6d-8c99-0a0532d3d546,T1547.009
5f8baac8-c69d-4a99-8006-001855602258,T1059.001
5f8baac8-c69d-4a99-8006-001855602258,T1059.003
5f8baac8-c69d-4a99-8006-001855602258,T1112
5f8baac8-c69d-4a99-8006-001855602258,T1548.002
60a97892-5e78-478e-9d50-2f531c6b9e8b,T1059.001
60a97892-5e78-478e-9d50-2f531c6b9e8b,T1105
60a97892-5e78-478e-9d50-2f531c6b9e8b,T1204.002
63470136-1155-43d4-aeb1-873a533610fc,T1059.001
63470136-1155-43d4-aeb1-873a533610fc,T1078
63470136-1155-43d4-aeb1-873a533610fc,T1087.001
63470136-1155-43d4-aeb1-873a533610fc,T1105
64016a0d-0e97-4b40-8cb8-ab3a9e9edc38,T1059.001
64016a0d-0e97-4b40-8cb8-ab3a9e9edc38,T1105
64016a0d-0e97-4b40-8cb8-ab3a9e9edc38,T1106
64016a0d-0e97-4b40-8cb8-ab3a9e9edc38,T1112
643ddc36-2e78-4c24-9ffa-8b0ebaddbda3,T1033
643ddc36-2e78-4c24-9ffa-8b0ebaddbda3,T1059.001
643ddc36-2e78-4c24-9ffa-8b0ebaddbda3,T1087
643ddc36-2e78-4c24-9ffa-8b0ebaddbda3,T1105
643ddc36-2e78-4c24-9ffa-8b0ebaddbda3,T1562.001
64bf7a36-b472-4a23-a911-0d26ed224299,T1027
64bf7a36-b472-4a23-a911-0d26ed224299,T1059.001
64bf7a36-b472-4a23-a911-0d26ed224299,T1059.003
64bf7a36-b472-4a23-a911-0d26ed224299,T1087.001
64e7d6d7-27fe-4fed-86c8-9a51b6b96979,T1105
64e7d6d7-27fe-4fed-86c8-9a51b6b96979,T1218.011
64e7d6d7-27fe-4fed-86c8-9a51b6b96979,T1566.001
64e8bcb4-6d6e-4baf-894d-eac43e6d42db,T1033
64e8bcb4-6d6e-4baf-894d-eac43e6d42db,T1059.001
64e8bcb4-6d6e-4baf-894d-eac43e6d42db,T1087.001
65657a85-5f17-4c51-80ea-27631aa47a03,T1059.001
65657a85-5f17-4c51-80ea-27631aa47a03,T1078.001
65657a85-5f17-4c51-80ea-27631aa47a03,T1087.001
65657a85-5f17-4c51-80ea-27631aa47a03,T1105
65657a85-5f17-4c51-80ea-27631aa47a03,T1106
663fe8c5-890e-4c77-8ae3-c0d95a749620,T1053.005
663fe8c5-890e-4c77-8ae3-c0d95a749620,T1059.001
663fe8c5-890e-4c77-8ae3-c0d95a749620,T1112
668e253f-572e-4448-9791-a5800b32053c,T1059.001
668e253f-572e-4448-9791-a5800b32053c,T1059.003
668e253f-572e-4448-9791-a5800b32053c,T1087
668e253f-572e-4448-9791-a5800b32053c,T1569.002
6690e280-b055-4b47-ba87-5640aab40e78,T1059.003
6690e280-b055-4b47-ba87-5640aab40e78,T1570
66f3df42-664e-4ce2-b383-f66a8843bd74,T1003.001
66f3df42-664e-4ce2-b383-f66a8843bd74,T1059.001
66f3df42-664e-4ce2-b383-f66a8843bd74,T1071.001
66f3df42-664e-4ce2-b383-f66a8843bd74,T1083
66f3df42-664e-4ce2-b383-f66a8843bd74,T1107
66f3df42-664e-4ce2-b383-f66a8843bd74,T1562.001
66fd6fdb-24c9-4f7b-81b7-1bfd8c39a83a,T1055.011
66fd6fdb-24c9-4f7b-81b7-1bfd8c39a83a,T1059.001
66fd6fdb-24c9-4f7b-81b7-1bfd8c39a83a,T1087
67951a96-f02d-47da-8671-ccb841a1d9c8,T1003.001
67951a96-f02d-47da-8671-ccb841a1d9c8,T1059.001
67951a96-f02d-47da-8671-ccb841a1d9c8,T1070.004
67951a96-f02d-47da-8671-ccb841a1d9c8,T1083
67951a96-f02d-47da-8671-ccb841a1d9c8,T1105
67d57542-2bdf-4716-8a7c-4ef7a4941b84,T1003
67d57542-2bdf-4716-8a7c-4ef7a4941b84,T1033
67d57542-2bdf-4716-8a7c-4ef7a4941b84,T1059.001
67d57542-2bdf-4716-8a7c-4ef7a4941b84,T1083
67d57542-2bdf-4716-8a7c-4ef7a4941b84,T1105
680ee775-7bc0-4a79-adef-4aadf2a8b5bd,T1059.001
680ee775-7bc0-4a79-adef-4aadf2a8b5bd,T1069
680ee775-7bc0-4a79-adef-4aadf2a8b5bd,T1087
680ee775-7bc0-4a79-adef-4aadf2a8b5bd,T1105
680ee775-7bc0-4a79-adef-4aadf2a8b5bd,T1140
6827833c-7e50-4a58-8204-42e8dbb8d9ba,T1055
6827833c-7e50-4a58-8204-42e8dbb8d9ba,T1059.001
6861efc8-f53e-4a32-a6a5-7b5b286b2d24,T1059.001
6861efc8-f53e-4a32-a6a5-7b5b286b2d24,T1087.001
68f73260-6546-4391-90cc-28180d4b4633,T1033
68f73260-6546-4391-90cc-28180d4b4633,T1059.001
68f73260-6546-4391-90cc-28180d4b4633,T1204.002
692de453-8bc2-43dd-891d-434b6453c365,T1033
692de453-8bc2-43dd-891d-434b6453c365,T1059.001
692de453-8bc2-43dd-891d-434b6453c365,T1059.003
692de453-8bc2-43dd-891d-434b6453c365,T1071.001
692de453-8bc2-43dd-891d-434b6453c365,T1105
692de453-8bc2-43dd-891d-434b6453c365,T1218.011
69ecc36c-205a-465d-adfb-bc4ad95a857d,T1033
69ecc36c-205a-465d-adfb-bc4ad95a857d,T1059.001
69ecc36c-205a-465d-adfb-bc4ad95a857d,T1059.003
69ecc36c-205a-465d-adfb-bc4ad95a857d,T1087.001
69ecc36c-205a-465d-adfb-bc4ad95a857d,T1206
6a17adb6-0111-48b6-8cae-2a56c1e2bd2d,T1033
6a17adb6-0111-48b6-8cae-2a56c1e2bd2d,T1087.001
6a868ee7-d1e5-4bab-9569-59331752a2b3,T1059.001
6a868ee7-d1e5-4bab-9569-59331752a2b3,T1059.003
6a868ee7-d1e5-4bab-9569-59331752a2b3,T1087.001
6a868ee7-d1e5-4bab-9569-59331752a2b3,T1204.002
6af5418f-8a47-4c1d-80c5-29a042aea1fa,T1055
6af5418f-8a47-4c1d-80c5-29a042aea1fa,T1059.001
6b33ebb4-517a-4c0e-9a0f-5e3eb08f63a2,T1059.001
6b33ebb4-517a-4c0e-9a0f-5e3eb08f63a2,T1204.002
6bfa46f3-3839-4fa4-b7dc-02a622445765,T1033
6bfa46f3-3839-4fa4-b7dc-02a622445765,T1087.001
6c085a0e-1cf1-4eb0-b41a-9bd6b138fd49,T1033
6c085a0e-1cf1-4eb0-b41a-9bd6b138fd49,T1059.001
6c085a0e-1cf1-4eb0-b41a-9bd6b138fd49,T1087.001
6c085a0e-1cf1-4eb0-b41a-9bd6b138fd49,T1204.002
6c527ecd-8855-413e-a953-31790f93539a,T1003
6c527ecd-8855-413e-a953-31790f93539a,T1027
6c527ecd-8855-413e-a953-31790f93539a,T1036.005
6c527ecd-8855-413e-a953-31790f93539a,T1059.001
6c527ecd-8855-413e-a953-31790f93539a,T1087.001
6cca143b-9855-43b1-9937-48a8ed60d0f2,T1059.001
6cca143b-9855-43b1-9937-48a8ed60d0f2,T1204.002
6d40322e-d356-49d8-a684-7df8accef480,T1059.001
6d40322e-d356-49d8-a684-7df8accef480,T1081
6d40322e-d356-49d8-a684-7df8accef480,T1212
6d4d87a3-96ff-4c04-8fbc-0cc85816222b,T1033
6d4d87a3-96ff-4c04-8fbc-0cc85816222b,T1059.001
6d4d87a3-96ff-4c04-8fbc-0cc85816222b,T1087
6d4d87a3-96ff-4c04-8fbc-0cc85816222b,T1140
6ec5f54b-85be-4ef2-8c1a-90456df02eae,T1033
6ec5f54b-85be-4ef2-8c1a-90456df02eae,T1059.001
6ec5f54b-85be-4ef2-8c1a-90456df02eae,T1087.001
6fa471c1-651e-41cf-8119-302e1a0240fd,T1033
6fa471c1-651e-41cf-8119-302e1a0240fd,T1057
6fa471c1-651e-41cf-8119-302e1a0240fd,T1059.001
6fa471c1-651e-41cf-8119-302e1a0240fd,T1083
705c38bd-8796-4d7a-9242-7105b212632a,T1027
705c38bd-8796-4d7a-9242-7105b212632a,T1036.005
705c38bd-8796-4d7a-9242-7105b212632a,T1055.012
705c38bd-8796-4d7a-9242-7105b212632a,T1059.001
705c38bd-8796-4d7a-9242-7105b212632a,T1105
72856ff6-a965-48f8-a9bd-c8c5d9da840d,T1056.001
72856ff6-a965-48f8-a9bd-c8c5d9da840d,T1057
72856ff6-a965-48f8-a9bd-c8c5d9da840d,T1059.001
72856ff6-a965-48f8-a9bd-c8c5d9da840d,T1087.001
72856ff6-a965-48f8-a9bd-c8c5d9da840d,T1105
744485a5-49fe-4559-9ffe-9424ebf78142,T1036
744485a5-49fe-4559-9ffe-9424ebf78142,T1059.001
744485a5-49fe-4559-9ffe-9424ebf78142,T1070.004
744485a5-49fe-4559-9ffe-9424ebf78142,T1569.002
74767b12-64d1-4ee6-8184-6c9dc2e1dd61,T1059.001
74767b12-64d1-4ee6-8184-6c9dc2e1dd61,T1112
74767b12-64d1-4ee6-8184-6c9dc2e1dd61,T1547.001
747b4414-5506-400f-9909-db385ec8f49f,T1059.001
747b4414-5506-400f-9909-db385ec8f49f,T1059.003
747b4414-5506-400f-9909-db385ec8f49f,T1083
757e860e-77bd-4926-afde-70878ce98dba,T1057
757e860e-77bd-4926-afde-70878ce98dba,T1059.001
757e860e-77bd-4926-afde-70878ce98dba,T1087.001
757e860e-77bd-4926-afde-70878ce98dba,T1204.002
75f4c264-e63b-4d5b-bf9f-a5f8b71ecf54,T1033
76079e5d-ff62-41c0-886f-300669ca9eb6,T1057
76079e5d-ff62-41c0-886f-300669ca9eb6,T1059.001
76079e5d-ff62-41c0-886f-300669ca9eb6,T1087.001
761194f6-5d77-4bf0-9d32-266666dd4a70,T1562.002
7720f9b9-987f-4e6d-b1a6-c494f4a271f2,T1059.001
7720f9b9-987f-4e6d-b1a6-c494f4a271f2,T1070.004
7720f9b9-987f-4e6d-b1a6-c494f4a271f2,T1204.002
7720f9b9-987f-4e6d-b1a6-c494f4a271f2,T1218.005
77779f5d-9491-4c28-881c-bf6ee31703c8,T1202
78136eb2-2e30-40f3-aac6-f2871aca1c02,T1055
78136eb2-2e30-40f3-aac6-f2871aca1c02,T1059.001
78136eb2-2e30-40f3-aac6-f2871aca1c02,T1087
78136eb2-2e30-40f3-aac6-f2871aca1c02,T1505.003
7825e0dd-5a2c-44ff-8ce7-d9942aee772c,T1036.005
7825e0dd-5a2c-44ff-8ce7-d9942aee772c,T1059.001
7825e0dd-5a2c-44ff-8ce7-d9942aee772c,T1218.005
78390e43-0249-4333-9076-64b5f2b2bffa,T1059.001
78390e43-0249-4333-9076-64b5f2b2bffa,T1071.001
78390e43-0249-4333-9076-64b5f2b2bffa,T1566.002
78d38f5c-9e2f-492d-a360-4b46d7833db0,T1059
78d38f5c-9e2f-492d-a360-4b46d7833db0,T1059.001
78d38f5c-9e2f-492d-a360-4b46d7833db0,T1087.001
79268429-f761-4871-96ab-eedc6a7e4a9f,T1003.001
79268429-f761-4871-96ab-eedc6a7e4a9f,T1059.001
79268429-f761-4871-96ab-eedc6a7e4a9f,T1087.001
799f52fc-161b-4be6-a2cf-75e988c07a74,T1218
79cd6450-bb6a-4fb4-8145-6eb41324e52f,T1003
79cd6450-bb6a-4fb4-8145-6eb41324e52f,T1055
79cd6450-bb6a-4fb4-8145-6eb41324e52f,T1059.001
79cd6450-bb6a-4fb4-8145-6eb41324e52f,T1083
79cd6450-bb6a-4fb4-8145-6eb41324e52f,T1218
7a16ec7b-268d-4445-9e27-18cbf1f6b304,T1033
7a16ec7b-268d-4445-9e27-18cbf1f6b304,T1059.001
7a16ec7b-268d-4445-9e27-18cbf1f6b304,T1105
7a16ec7b-268d-4445-9e27-18cbf1f6b304,T1543.003
7a4451af-7e89-47d2-bc96-918cee19637a,T1033
7a4451af-7e89-47d2-bc96-918cee19637a,T1059.001
7a4451af-7e89-47d2-bc96-918cee19637a,T1087.001
7a4451af-7e89-47d2-bc96-918cee19637a,T1105
7a4451af-7e89-47d2-bc96-918cee19637a,T1124
7a5a139e-549c-4a1d-941c-42fdd2a0d932,T1033
7a5a139e-549c-4a1d-941c-42fdd2a0d932,T1059.001
7afd0750-3559-419b-ac12-29cbfcc96331,T1036.005
7afd0750-3559-419b-ac12-29cbfcc96331,T1059.001
7afd0750-3559-419b-ac12-29cbfcc96331,T1087.001
7afd0750-3559-419b-ac12-29cbfcc96331,T1569.002
7c309622-2e25-4d14-b3ff-eccde804cab1,T1546
7cc1b09c-251a-41f0-ad6e-76aba84fdd27,T1033
7cc1b09c-251a-41f0-ad6e-76aba84fdd27,T1059.001
7cc1b09c-251a-41f0-ad6e-76aba84fdd27,T1087.001
7ce11948-8c5c-4934-83c9-799cda4e2cff,T1012
7ce11948-8c5c-4934-83c9-799cda4e2cff,T1059.001
7ce11948-8c5c-4934-83c9-799cda4e2cff,T1081
7ce11948-8c5c-4934-83c9-799cda4e2cff,T1106
7d1b9236-db44-4db6-8e74-824272855096,T1059
7d1b9236-db44-4db6-8e74-824272855096,T1059.001
7dc21759-89bd-46c3-9bde-503a6dfde33d,T1033
7dc21759-89bd-46c3-9bde-503a6dfde33d,T1059.001
7dc21759-89bd-46c3-9bde-503a6dfde33d,T1071.001
7dc21759-89bd-46c3-9bde-503a6dfde33d,T1083
7dc21759-89bd-46c3-9bde-503a6dfde33d,T1086
7ddf923b-ccf1-4ba3-b5d2-d501ba953cc5,T1005
7ddf923b-ccf1-4ba3-b5d2-d501ba953cc5,T1059.001
7ddf923b-ccf1-4ba3-b5d2-d501ba953cc5,T1071.001
7ddf923b-ccf1-4ba3-b5d2-d501ba953cc5,T1083
7ddf923b-ccf1-4ba3-b5d2-d501ba953cc5,T1106
7e20095e-d9bd-47b9-9c80-86b24ecefb52,T1218
7e42f254-503f-422a-9995-c8a8c8752f8e,T1003.001
7e42f254-503f-422a-9995-c8a8c8752f8e,T1036
7e42f254-503f-422a-9995-c8a8c8752f8e,T1059.001
7e42f254-503f-422a-9995-c8a8c8752f8e,T1070.004
7e42f254-503f-422a-9995-c8a8c8752f8e,T1105
7f32599f-df92-400a-90c1-1364ddc9517f,T1059.001
7f32599f-df92-400a-90c1-1364ddc9517f,T1071.001
7f32599f-df92-400a-90c1-1364ddc9517f,T1087.002
7f32599f-df92-400a-90c1-1364ddc9517f,T1569.002
7fc04c63-30af-4b86-8007-286a1d858c70,T1059.001
7fc04c63-30af-4b86-8007-286a1d858c70,T1087.001
7fdff338-4982-4698-b03f-7865f38f440b,T1003
7fdff338-4982-4698-b03f-7865f38f440b,T1003.003
7fdff338-4982-4698-b03f-7865f38f440b,T1047
7fdff338-4982-4698-b03f-7865f38f440b,T1056
7fdff338-4982-4698-b03f-7865f38f440b,T1059.001
7fdff338-4982-4698-b03f-7865f38f440b,T1070.004
7fdff338-4982-4698-b03f-7865f38f440b,T1105
7fdff338-4982-4698-b03f-7865f38f440b,T1106
80958758-68bd-4310-948e-b6972c6b8baa,T1059.001
80958758-68bd-4310-948e-b6972c6b8baa,T1562.002
80d20dc4-e33e-4cce-a1a3-9fb94ae138b4,T1047
80d20dc4-e33e-4cce-a1a3-9fb94ae138b4,T1059.001
80d20dc4-e33e-4cce-a1a3-9fb94ae138b4,T1071.001
80d20dc4-e33e-4cce-a1a3-9fb94ae138b4,T1105
80d20dc4-e33e-4cce-a1a3-9fb94ae138b4,T1566.001
828022ce-eaa3-42b0-9159-803853ca4cf4,T1033
828022ce-eaa3-42b0-9159-803853ca4cf4,T1059.001
828022ce-eaa3-42b0-9159-803853ca4cf4,T1087.001
831d8d6e-c325-49dc-bb82-78c8dc0b95d7,T1033
831d8d6e-c325-49dc-bb82-78c8dc0b95d7,T1059.001
831d8d6e-c325-49dc-bb82-78c8dc0b95d7,T1087.001
833b8458-caf3-45bf-b48c-dd23cdb7583e,T1036
833b8458-caf3-45bf-b48c-dd23cdb7583e,T1055
833b8458-caf3-45bf-b48c-dd23cdb7583e,T1059
83793914-6286-4a97-b0c4-92564799c26b,T1071.001
83793914-6286-4a97-b0c4-92564799c26b,T1566.001
84ac08e7-79e4-4737-9d25-6b3c5e9ad294,T1059.003
84ac08e7-79e4-4737-9d25-6b3c5e9ad294,T1071.004
84ac08e7-79e4-4737-9d25-6b3c5e9ad294,T1218.010
85d9dd80-f3e6-4d67-b7ef-d10a4f3e70bb,T1057
85d9dd80-f3e6-4d67-b7ef-d10a4f3e70bb,T1059.001
85d9dd80-f3e6-4d67-b7ef-d10a4f3e70bb,T1087.001
864e7a8d-bc09-4934-9ebc-3c0e93ccb1af,T1007
864e7a8d-bc09-4934-9ebc-3c0e93ccb1af,T1059.001
864e7a8d-bc09-4934-9ebc-3c0e93ccb1af,T1071.001
864e7a8d-bc09-4934-9ebc-3c0e93ccb1af,T1087.001
864e7a8d-bc09-4934-9ebc-3c0e93ccb1af,T1105
86dd4f95-95c4-4138-975b-cb9c8291b7da,T1033
86dd4f95-95c4-4138-975b-cb9c8291b7da,T1059.001
86dd4f95-95c4-4138-975b-cb9c8291b7da,T1203
86dd4f95-95c4-4138-975b-cb9c8291b7da,T1569.002
873b6e1a-b879-4210-9bc2-fa308b3708e6,T1036
873b6e1a-b879-4210-9bc2-fa308b3708e6,T1057
873b6e1a-b879-4210-9bc2-fa308b3708e6,T1059.001
873b6e1a-b879-4210-9bc2-fa308b3708e6,T1060
873b6e1a-b879-4210-9bc2-fa308b3708e6,T1087
873b6e1a-b879-4210-9bc2-fa308b3708e6,T1106
87426aa0-ca33-49b2-b73a-fcc5855aca9c,T1059.001
87426aa0-ca33-49b2-b73a-fcc5855aca9c,T1204.002
87426aa0-ca33-49b2-b73a-fcc5855aca9c,T1546.013
877a976d-0ba2-43cd-a304-a49991dd9087,T1055
877a976d-0ba2-43cd-a304-a49991dd9087,T1059.001
877a976d-0ba2-43cd-a304-a49991dd9087,T1105
87d3e093-f5f1-49dd-9544-0a294a7c8075,T1059.001
87d3e093-f5f1-49dd-9544-0a294a7c8075,T1087.001
87d3e093-f5f1-49dd-9544-0a294a7c8075,T1135
87d3e093-f5f1-49dd-9544-0a294a7c8075,T1204.002
880fe810-9ef9-400d-839c-006ce4ca4949,T1059.001
880fe810-9ef9-400d-839c-006ce4ca4949,T1059.003
880fe810-9ef9-400d-839c-006ce4ca4949,T1203
880fe810-9ef9-400d-839c-006ce4ca4949,T1218.011
882fcd83-7495-489f-8ea8-6483418a4a88,T1003.001
882fcd83-7495-489f-8ea8-6483418a4a88,T1055.012
882fcd83-7495-489f-8ea8-6483418a4a88,T1059.001
882fcd83-7495-489f-8ea8-6483418a4a88,T1086
882fcd83-7495-489f-8ea8-6483418a4a88,T1096
882fcd83-7495-489f-8ea8-6483418a4a88,T1105
88b06e2e-1a90-46e1-8a0f-277be9ad2b8e,T1059.001
88b06e2e-1a90-46e1-8a0f-277be9ad2b8e,T1203
88b06e2e-1a90-46e1-8a0f-277be9ad2b8e,T1546.015
88ed14cd-cda4-45ef-891b-c54e3bc58b82,T1055
88ed14cd-cda4-45ef-891b-c54e3bc58b82,T1059.001
898d811f-384b-4fc5-8a1e-c2ce2174c6da,T1059.001
898d811f-384b-4fc5-8a1e-c2ce2174c6da,T1087.001
898d811f-384b-4fc5-8a1e-c2ce2174c6da,T1105
898d811f-384b-4fc5-8a1e-c2ce2174c6da,T1218.007
8a867203-64d3-46fc-9a53-92be6cd9fed8,T1003.002
8a867203-64d3-46fc-9a53-92be6cd9fed8,T1012
8aa4b506-8ecb-47f7-b564-bddabc4be895,T1057
8aa4b506-8ecb-47f7-b564-bddabc4be895,T1059.001
8aa4b506-8ecb-47f7-b564-bddabc4be895,T1087.001
8ad01e2d-c90e-413e-aa06-a53301714b4d,T1047
8b010513-86d1-48a2-8d57-abbb0b87c143,T1059.001
8b010513-86d1-48a2-8d57-abbb0b87c143,T1059.003
8b010513-86d1-48a2-8d57-abbb0b87c143,T1105
8b010513-86d1-48a2-8d57-abbb0b87c143,T1203
8b010513-86d1-48a2-8d57-abbb0b87c143,T1218.005
8c1a066d-f898-4e8d-9c81-89e378cd9f70,T1036.004
8c1a066d-f898-4e8d-9c81-89e378cd9f70,T1105
8c1ad2ec-8a29-4c82-a654-e3b9510af17b,T1059.001
8c1ad2ec-8a29-4c82-a654-e3b9510af17b,T1204.002
8c7caadc-4607-41c6-a262-f88d4d4328f6,T1012
8c7caadc-4607-41c6-a262-f88d4d4328f6,T1059.001
8c7caadc-4607-41c6-a262-f88d4d4328f6,T1059.003
8c7caadc-4607-41c6-a262-f88d4d4328f6,T1087.001
8c7caadc-4607-41c6-a262-f88d4d4328f6,T1562.004
8d138cb2-a399-4719-aa20-f04d42a35beb,T1012
8d138cb2-a399-4719-aa20-f04d42a35beb,T1057
8d138cb2-a399-4719-aa20-f04d42a35beb,T1059.001
8d138cb2-a399-4719-aa20-f04d42a35beb,T1087
8d1502e2-cd22-452c-8d8d-e8a46a51d1a7,T1059.001
8d1502e2-cd22-452c-8d8d-e8a46a51d1a7,T1070.004
8d1502e2-cd22-452c-8d8d-e8a46a51d1a7,T1083
8d1502e2-cd22-452c-8d8d-e8a46a51d1a7,T1087
8d1502e2-cd22-452c-8d8d-e8a46a51d1a7,T1543.003
8d1502e2-cd22-452c-8d8d-e8a46a51d1a7,T1547.001
8d1502e2-cd22-452c-8d8d-e8a46a51d1a7,T1562.001
8d9cc81d-f00e-4196-b843-656fd7ee63f0,T1036
8d9cc81d-f00e-4196-b843-656fd7ee63f0,T1059.001
8d9cc81d-f00e-4196-b843-656fd7ee63f0,T1070.004
8d9cc81d-f00e-4196-b843-656fd7ee63f0,T1569.002
8da3a1d0-2e11-41f3-848c-57bfb9263c42,T1055
8da3a1d0-2e11-41f3-848c-57bfb9263c42,T1071
8dd6945b-3bfe-4bc4-9401-01d044f9ccba,T1036.004
8dd6945b-3bfe-4bc4-9401-01d044f9ccba,T1055.001
8dd6945b-3bfe-4bc4-9401-01d044f9ccba,T1059.001
8dd6945b-3bfe-4bc4-9401-01d044f9ccba,T1070.004
8dd6945b-3bfe-4bc4-9401-01d044f9ccba,T1071.001
8de43a30-d28a-48dd-9367-d15edf864b9f,T1059.001
8de43a30-d28a-48dd-9367-d15edf864b9f,T1088
8df55f5d-ee81-4725-8ad3-4d606718f5e5,T1059.001
8f2ee0cc-d7df-4a3b-a5f1-4b25b3714fe4,T1033
8f2ee0cc-d7df-4a3b-a5f1-4b25b3714fe4,T1087
8fc216bf-b938-4aee-851e-419477161667,T1033
8fc216bf-b938-4aee-851e-419477161667,T1059.001
8fc216bf-b938-4aee-851e-419477161667,T1087.001
8fd0191e-be60-4570-9551-2f55775a2f94,T1033
8fd0191e-be60-4570-9551-2f55775a2f94,T1087
905b8d5a-e20f-4d83-a657-d577b5f67559,T1059.001
905b8d5a-e20f-4d83-a657-d577b5f67559,T1059.003
905b8d5a-e20f-4d83-a657-d577b5f67559,T1083
905b8d5a-e20f-4d83-a657-d577b5f67559,T1569.002
909b3fd0-a98f-4a20-adfe-bb4e085c52b1,T1033
909b3fd0-a98f-4a20-adfe-bb4e085c52b1,T1055.012
909b3fd0-a98f-4a20-adfe-bb4e085c52b1,T1059.001
909b3fd0-a98f-4a20-adfe-bb4e085c52b1,T1087
90d1f791-37c0-401c-9329-e25d775c70d5,T1057
90d1f791-37c0-401c-9329-e25d775c70d5,T1059.001
90d1f791-37c0-401c-9329-e25d775c70d5,T1082
90d1f791-37c0-401c-9329-e25d775c70d5,T1087
9131c410-108a-48eb-8220-4116188d96ce,T1033
9131c410-108a-48eb-8220-4116188d96ce,T1059.001
9131c410-108a-48eb-8220-4116188d96ce,T1087.001
9131c410-108a-48eb-8220-4116188d96ce,T1204.002
917b1733-1bf3-4df2-a50c-52df7772fbc8,T1033
91892fa9-121a-448f-ab01-460d1bb01d3a,T1078.001
91892fa9-121a-448f-ab01-460d1bb01d3a,T1558.003
9266c99b-ece0-467c-a93e-1401a5b2f942,T1057
9266c99b-ece0-467c-a93e-1401a5b2f942,T1059.001
9266c99b-ece0-467c-a93e-1401a5b2f942,T1087.001
9266c99b-ece0-467c-a93e-1401a5b2f942,T1204.002
92c5e563-8fef-4de9-9da2-572d28e3d0c7,T1033
92c5e563-8fef-4de9-9da2-572d28e3d0c7,T1059.001
92c5e563-8fef-4de9-9da2-572d28e3d0c7,T1087.001
92c5e563-8fef-4de9-9da2-572d28e3d0c7,T1106
93972c5f-7aec-4fa2-be01-ae7286062bf2,T1059.001
93972c5f-7aec-4fa2-be01-ae7286062bf2,T1059.003
93972c5f-7aec-4fa2-be01-ae7286062bf2,T1105
94e3d400-75bd-4540-8202-fa012608596f,T1059.001
94e3d400-75bd-4540-8202-fa012608596f,T1059.003
94e3d400-75bd-4540-8202-fa012608596f,T1087.001
94e3d400-75bd-4540-8202-fa012608596f,T1106
94e3d400-75bd-4540-8202-fa012608596f,T1204.002
951fee0f-6b97-4aed-ad96-730e4b683c24,T1055
951fee0f-6b97-4aed-ad96-730e4b683c24,T1059.001
951fee0f-6b97-4aed-ad96-730e4b683c24,T1086
9752ffa5-5d75-4a32-9106-db65083505c7,T1059.001
9752ffa5-5d75-4a32-9106-db65083505c7,T1105
9752ffa5-5d75-4a32-9106-db65083505c7,T1204.002
975bec3a-003d-413e-bedf-87337ee173f9,T1059.001
975bec3a-003d-413e-bedf-87337ee173f9,T1059.003
975bec3a-003d-413e-bedf-87337ee173f9,T1204.002
9820025f-6006-44c7-b548-77e93158b479,T1003.003
9820025f-6006-44c7-b548-77e93158b479,T1059.001
9820025f-6006-44c7-b548-77e93158b479,T1087.001
98594a47-f4c5-4d14-8959-e9a8a88bf6fe,T1003.001
98594a47-f4c5-4d14-8959-e9a8a88bf6fe,T1033
98594a47-f4c5-4d14-8959-e9a8a88bf6fe,T1055
98594a47-f4c5-4d14-8959-e9a8a88bf6fe,T1059.001
98594a47-f4c5-4d14-8959-e9a8a88bf6fe,T1070.004
98594a47-f4c5-4d14-8959-e9a8a88bf6fe,T1105
98594a47-f4c5-4d14-8959-e9a8a88bf6fe,T1106
98594a47-f4c5-4d14-8959-e9a8a88bf6fe,T1112
994945f4-6998-4a5e-8e54-1656b695dbca,T1033
994945f4-6998-4a5e-8e54-1656b695dbca,T1057
994945f4-6998-4a5e-8e54-1656b695dbca,T1059.001
994945f4-6998-4a5e-8e54-1656b695dbca,T1087
9ac9d475-760a-4187-8b7a-fd4d0b505c88,T1059.003
9ac9d475-760a-4187-8b7a-fd4d0b505c88,T1086
9ac9d475-760a-4187-8b7a-fd4d0b505c88,T1218.011
9add0e5c-29b3-4823-af9a-e6fad978be87,T1033
9add0e5c-29b3-4823-af9a-e6fad978be87,T1059.001
9add0e5c-29b3-4823-af9a-e6fad978be87,T1087.001
9c27bd9f-1bbc-4fa0-97c5-dc1119f1ac88,T1003.001
9c27bd9f-1bbc-4fa0-97c5-dc1119f1ac88,T1059.001
9c27bd9f-1bbc-4fa0-97c5-dc1119f1ac88,T1070.004
9c27bd9f-1bbc-4fa0-97c5-dc1119f1ac88,T1087.001
9c27bd9f-1bbc-4fa0-97c5-dc1119f1ac88,T1105
9cec7180-3e62-4d77-93d4-f292b5d38525,T1046
9cec7180-3e62-4d77-93d4-f292b5d38525,T1059.001
9cec7180-3e62-4d77-93d4-f292b5d38525,T1087
9cec7180-3e62-4d77-93d4-f292b5d38525,T1218
9cfd7c85-fdb0-4f05-b287-080780632bf6,T1059.001
9cfd7c85-fdb0-4f05-b287-080780632bf6,T1087.001
9d631e0f-a065-4c73-9748-6aa6ceaffac8,T1047
9d631e0f-a065-4c73-9748-6aa6ceaffac8,T1059.001
9e6dc3b1-ffcf-4cbd-847c-33497264c622,T1059.001
9e6dc3b1-ffcf-4cbd-847c-33497264c622,T1203
9e6dc3b1-ffcf-4cbd-847c-33497264c622,T1542.003
9f744bde-822c-400e-bd94-f5838eb6206b,T1059.003
9f744bde-822c-400e-bd94-f5838eb6206b,T1112
9fed57df-da7d-43dd-801e-8b115b61e58f,T1059.003
9fed57df-da7d-43dd-801e-8b115b61e58f,T1218.010
a05529d0-02c0-42d0-9a87-7d05cd10d6e3,T1059.003
a18be9e2-2b20-400b-af14-5f864d32b9b9,T1059.001
a18be9e2-2b20-400b-af14-5f864d32b9b9,T1070.004
a18be9e2-2b20-400b-af14-5f864d32b9b9,T1071.001
a18be9e2-2b20-400b-af14-5f864d32b9b9,T1083
a18be9e2-2b20-400b-af14-5f864d32b9b9,T1105
a1952d80-f208-4c3f-b60f-ff389bceff68,T1033
a1952d80-f208-4c3f-b60f-ff389bceff68,T1059.001
a1952d80-f208-4c3f-b60f-ff389bceff68,T1087.001
a2123562-b832-4138-89b3-cbdba7416086,T1016
a2123562-b832-4138-89b3-cbdba7416086,T1049
a2123562-b832-4138-89b3-cbdba7416086,T1059.001
a2123562-b832-4138-89b3-cbdba7416086,T1083
a2123562-b832-4138-89b3-cbdba7416086,T1087.001
a255b679-9a52-4d18-8c36-038854971b8c,T1033
a255b679-9a52-4d18-8c36-038854971b8c,T1059.001
a255b679-9a52-4d18-8c36-038854971b8c,T1204.002
a2faa0d8-1d60-405b-bad7-f2567ef6152a,T1033
a2faa0d8-1d60-405b-bad7-f2567ef6152a,T1059.001
a2faa0d8-1d60-405b-bad7-f2567ef6152a,T1087.001
a33f721c-da83-447c-a395-9e293124ebfa,T1059.001
a33f721c-da83-447c-a395-9e293124ebfa,T1204
a33f721c-da83-447c-a395-9e293124ebfa,T1566
a377f72e-1dbd-4515-9c29-862f3083d9f2,T1059.001
a377f72e-1dbd-4515-9c29-862f3083d9f2,T1082
a377f72e-1dbd-4515-9c29-862f3083d9f2,T1083
a377f72e-1dbd-4515-9c29-862f3083d9f2,T1127
a377f72e-1dbd-4515-9c29-862f3083d9f2,T1218.007
a3cb6cd1-d759-4849-b338-5ac5b5437184,T1059.001
a3cb6cd1-d759-4849-b338-5ac5b5437184,T1087.001
a3cb6cd1-d759-4849-b338-5ac5b5437184,T1204.002
a3ff31b9-84a6-4e27-bbf8-27c1795927a3,T1547.013
a4a2ca9a-e4b3-4d0c-b4a2-3f76f0949c46,T1033
a4a2ca9a-e4b3-4d0c-b4a2-3f76f0949c46,T1059.001
a4a2ca9a-e4b3-4d0c-b4a2-3f76f0949c46,T1071.001
a4a2ca9a-e4b3-4d0c-b4a2-3f76f0949c46,T1083
a4cfa9d2-6b7e-42c0-a8f8-f62a1436b66a,T1059.001
a4cfa9d2-6b7e-42c0-a8f8-f62a1436b66a,T1566.001
a4f245df-4b4a-49fb-a69f-de603138abad,T1055
a4f245df-4b4a-49fb-a69f-de603138abad,T1059.001
a51b972a-5645-463b-ac37-89a972afb638,T1005
a51b972a-5645-463b-ac37-89a972afb638,T1033
a51b972a-5645-463b-ac37-89a972afb638,T1059.001
a51b972a-5645-463b-ac37-89a972afb638,T1083
a51b972a-5645-463b-ac37-89a972afb638,T1105
a6a20e5e-8541-468e-83eb-ccd26412f065,T1059.001
a6a20e5e-8541-468e-83eb-ccd26412f065,T1083
a6a20e5e-8541-468e-83eb-ccd26412f065,T1087.001
a79e7be6-768f-4e03-96b6-98a0ac75219b,T1055
a79e7be6-768f-4e03-96b6-98a0ac75219b,T1059.001
a84ee9c9-22e1-4b64-a716-21808e2d45e3,T1059.001
a84ee9c9-22e1-4b64-a716-21808e2d45e3,T1071.001
a84ee9c9-22e1-4b64-a716-21808e2d45e3,T1087.001
a84ee9c9-22e1-4b64-a716-21808e2d45e3,T1105
a84ee9c9-22e1-4b64-a716-21808e2d45e3,T1140
a84ee9c9-22e1-4b64-a716-21808e2d45e3,T1218
a8e8d965-ecbc-44bb-9652-9c444b7a7516,T1055
a8e8d965-ecbc-44bb-9652-9c444b7a7516,T1059.001
a8e8d965-ecbc-44bb-9652-9c444b7a7516,T1087
aa5949ab-4ec2-40aa-a286-91c1c92ec365,T1033
aa5949ab-4ec2-40aa-a286-91c1c92ec365,T1059.001
aa5949ab-4ec2-40aa-a286-91c1c92ec365,T1087.001
aac353ed-3dcd-4291-a759-429cd7143254,T1055
aac353ed-3dcd-4291-a759-429cd7143254,T1059.001
ab8c2c38-f5b5-4f03-89a1-77b28d47743c,T1036
ab8c2c38-f5b5-4f03-89a1-77b28d47743c,T1059.001
ab8c2c38-f5b5-4f03-89a1-77b28d47743c,T1059.003
ab8c2c38-f5b5-4f03-89a1-77b28d47743c,T1081
ab8c2c38-f5b5-4f03-89a1-77b28d47743c,T1562
ac79a6dd-e125-48ed-85e0-6c620925124d,T1021.002
ac79a6dd-e125-48ed-85e0-6c620925124d,T1033
ac79a6dd-e125-48ed-85e0-6c620925124d,T1059.001
ac79a6dd-e125-48ed-85e0-6c620925124d,T1071.001
ac79a6dd-e125-48ed-85e0-6c620925124d,T1105
ac79a6dd-e125-48ed-85e0-6c620925124d,T1569.002
aca252ea-eb3a-42fe-a19f-2aa7c5687e6f,T1033
aca252ea-eb3a-42fe-a19f-2aa7c5687e6f,T1055
aca252ea-eb3a-42fe-a19f-2aa7c5687e6f,T1059.001
ad1f9aeb-911f-4192-82a2-ee5ac0ae13e1,T1059.001
ad1f9aeb-911f-4192-82a2-ee5ac0ae13e1,T1059.003
ad1f9aeb-911f-4192-82a2-ee5ac0ae13e1,T1087
ad1f9aeb-911f-4192-82a2-ee5ac0ae13e1,T1218.011
ad353e1f-af47-4d94-9b77-5d7722aef0d3,T1033
ad353e1f-af47-4d94-9b77-5d7722aef0d3,T1059.001
ad353e1f-af47-4d94-9b77-5d7722aef0d3,T1204.002
ad9bed2a-31f6-4312-b2de-06758681ae93,T1059.001
ad9bed2a-31f6-4312-b2de-06758681ae93,T1543.003
ad9d7cbb-4da4-4006-9014-fddae24a0927,T1059.001
ad9f98da-c60d-495f-895d-bfb314f15ea1,T1059.001
ad9f98da-c60d-495f-895d-bfb314f15ea1,T1569.002
adaf52fc-ba35-496c-a6c9-de27eed7cf7a,T1033
adaf52fc-ba35-496c-a6c9-de27eed7cf7a,T1059.001
adf3106d-a81a-4d09-b2aa-681c4383eaec,T1055
adf3106d-a81a-4d09-b2aa-681c4383eaec,T1059.001
ae395718-96fb-420d-b6f0-5936bcc12e5e,T1059.001
ae395718-96fb-420d-b6f0-5936bcc12e5e,T1547.009
ae796c25-2030-4f6d-a34a-8ee75b6c66fe,T1033
ae796c25-2030-4f6d-a34a-8ee75b6c66fe,T1087.001
ae7ed066-0111-4fda-ae9d-4ea34c887e3f,T1033
ae7ed066-0111-4fda-ae9d-4ea34c887e3f,T1057
ae7ed066-0111-4fda-ae9d-4ea34c887e3f,T1059.001
ae7ed066-0111-4fda-ae9d-4ea34c887e3f,T1083
ae7ed066-0111-4fda-ae9d-4ea34c887e3f,T1107
ae7ed066-0111-4fda-ae9d-4ea34c887e3f,T1564.001
af1f67d2-bd58-46a2-b822-092eabdbc0cc,T1055
af1f67d2-bd58-46a2-b822-092eabdbc0cc,T1059.001
af1f67d2-bd58-46a2-b822-092eabdbc0cc,T1071.001
af1f67d2-bd58-46a2-b822-092eabdbc0cc,T1087
affc1aac-f90d-40ea-a21b-3e54e6135218,T1059.001
affc1aac-f90d-40ea-a21b-3e54e6135218,T1078.001
affc1aac-f90d-40ea-a21b-3e54e6135218,T1087.001
affc1aac-f90d-40ea-a21b-3e54e6135218,T1098
affc1aac-f90d-40ea-a21b-3e54e6135218,T1136.001
b05837bd-50d9-4fa9-9c51-31d80d95cd21,T1059
b05837bd-50d9-4fa9-9c51-31d80d95cd21,T1562.001
b0ed32e9-c388-4321-b5b4-e133974334ac,T1059.001
b0ed32e9-c388-4321-b5b4-e133974334ac,T1106
b0ed32e9-c388-4321-b5b4-e133974334ac,T1203
b0f2a03b-2d47-4988-bd02-e03062c04566,T1059.001
b0f2a03b-2d47-4988-bd02-e03062c04566,T1204.002
b223ca49-e58d-45b3-949e-59ef5f01094d,T1033
b223ca49-e58d-45b3-949e-59ef5f01094d,T1059.001
b223ca49-e58d-45b3-949e-59ef5f01094d,T1087
b223ca49-e58d-45b3-949e-59ef5f01094d,T1204
b24af462-1134-469a-9b8b-50abbe757ca1,T1033
b24af462-1134-469a-9b8b-50abbe757ca1,T1059.001
b24af462-1134-469a-9b8b-50abbe757ca1,T1083
b24af462-1134-469a-9b8b-50abbe757ca1,T1112
b2622d3f-3144-4246-915d-e2ac15ad90f1,T1547.013
b2bd7a18-0976-4d92-a2b1-d1243deb1ad5,T1043
b2bd7a18-0976-4d92-a2b1-d1243deb1ad5,T1055
b2bd7a18-0976-4d92-a2b1-d1243deb1ad5,T1105
b2d3815c-7144-408c-ba4d-513ba80471af,T1059.001
b2d3815c-7144-408c-ba4d-513ba80471af,T1204.002
b3263f35-9a03-42c5-b7d2-287c7016bd7d,T1033
b3263f35-9a03-42c5-b7d2-287c7016bd7d,T1059.001
b3263f35-9a03-42c5-b7d2-287c7016bd7d,T1087.001
b327ae99-880c-4b34-84e4-d3891d37d9a0,T1059.001
b327ae99-880c-4b34-84e4-d3891d37d9a0,T1059.003
b327ae99-880c-4b34-84e4-d3891d37d9a0,T1204.002
b3ab6ab5-8f57-481b-849a-c33ea3154a67,T1016
b3ab6ab5-8f57-481b-849a-c33ea3154a67,T1033
b3ab6ab5-8f57-481b-849a-c33ea3154a67,T1059.001
b3ab6ab5-8f57-481b-849a-c33ea3154a67,T1070.004
b3ab6ab5-8f57-481b-849a-c33ea3154a67,T1105
b3ab6ab5-8f57-481b-849a-c33ea3154a67,T1562.004
b44a79ff-1487-48e0-bfde-c40b2de5ab28,T1569.002
b754851c-3d50-4db4-9462-191bdb9a6ad7,T1059
b754851c-3d50-4db4-9462-191bdb9a6ad7,T1543.003
b754851c-3d50-4db4-9462-191bdb9a6ad7,T1569.002
b797e4f4-2ab2-4cc1-a2c9-6b01606bc17e,T1059.001
b797e4f4-2ab2-4cc1-a2c9-6b01606bc17e,T1083
b797e4f4-2ab2-4cc1-a2c9-6b01606bc17e,T1087.001
b797e4f4-2ab2-4cc1-a2c9-6b01606bc17e,T1105
b8220fc4-ecfa-4737-82ee-1ceb3a016848,T1033
b8220fc4-ecfa-4737-82ee-1ceb3a016848,T1059.001
b8220fc4-ecfa-4737-82ee-1ceb3a016848,T1087.001
b9058c7d-4e93-4fe2-8b90-c4fb2e31e801,T1059.001
b9058c7d-4e93-4fe2-8b90-c4fb2e31e801,T1071.001
b9058c7d-4e93-4fe2-8b90-c4fb2e31e801,T1087.001
b9058c7d-4e93-4fe2-8b90-c4fb2e31e801,T1105
b961f9dc-2d3b-4342-996c-2a6a61e1dd9a,T1033
b961f9dc-2d3b-4342-996c-2a6a61e1dd9a,T1087
ba0a6e77-4fa3-473e-ab39-32dabb281506,T1059.001
ba0a6e77-4fa3-473e-ab39-32dabb281506,T1204.002
ba2f4609-51d1-435d-8a08-c6d826023748,T1033
ba2f4609-51d1-435d-8a08-c6d826023748,T1057
ba2f4609-51d1-435d-8a08-c6d826023748,T1059.001
ba2f4609-51d1-435d-8a08-c6d826023748,T1083
ba7c0985-57e4-48b9-a2c8-35e9822e46e5,T1059.001
ba7c0985-57e4-48b9-a2c8-35e9822e46e5,T1071.001
ba7c0985-57e4-48b9-a2c8-35e9822e46e5,T1087.001
ba7c0985-57e4-48b9-a2c8-35e9822e46e5,T1105
baac9e5e-c68d-4aea-9a61-5bffa14dc820,T1059.001
baac9e5e-c68d-4aea-9a61-5bffa14dc820,T1087
baac9e5e-c68d-4aea-9a61-5bffa14dc820,T1204.002
bacf3f95-d1bd-475c-b931-1bcea27ed134,T1059.001
bacf3f95-d1bd-475c-b931-1bcea27ed134,T1087
bacf3f95-d1bd-475c-b931-1bcea27ed134,T1566.002
bc924c10-44b6-4cdb-a57f-495fa4fc07f6,T1033
bc924c10-44b6-4cdb-a57f-495fa4fc07f6,T1059.001
bc924c10-44b6-4cdb-a57f-495fa4fc07f6,T1083
bc924c10-44b6-4cdb-a57f-495fa4fc07f6,T1127
bda00053-80d8-471b-b888-d6c4e7b0c5b6,T1033
bda00053-80d8-471b-b888-d6c4e7b0c5b6,T1059.001
bda00053-80d8-471b-b888-d6c4e7b0c5b6,T1087.001
bda00053-80d8-471b-b888-d6c4e7b0c5b6,T1543.003
bda00053-80d8-471b-b888-d6c4e7b0c5b6,T1566.001
c0208839-3d3c-41c7-bbc8-192bae51a795,T1059.001
c0208839-3d3c-41c7-bbc8-192bae51a795,T1059.003
c0208839-3d3c-41c7-bbc8-192bae51a795,T1218.011
c0812486-377a-413e-a6c3-fa5725cc29b2,T1059.001
c0812486-377a-413e-a6c3-fa5725cc29b2,T1082
c0812486-377a-413e-a6c3-fa5725cc29b2,T1087
c0812486-377a-413e-a6c3-fa5725cc29b2,T1106
c09bb567-ff86-458c-86d1-d2ee2e706faf,T1036.005
c09bb567-ff86-458c-86d1-d2ee2e706faf,T1059.001
c09bb567-ff86-458c-86d1-d2ee2e706faf,T1105
c1ba74ed-da0f-4484-b0a5-c0ce35103a53,T1059.001
c1ba74ed-da0f-4484-b0a5-c0ce35103a53,T1059.003
c1ba74ed-da0f-4484-b0a5-c0ce35103a53,T1087.001
c1d4de93-f2c3-4d7a-903d-5725961a263c,T1036.004
c1d4de93-f2c3-4d7a-903d-5725961a263c,T1059.001
c1f4d9fa-2cb5-4049-baba-95205461fe45,T1059.001
c1f4d9fa-2cb5-4049-baba-95205461fe45,T1086
c1f4d9fa-2cb5-4049-baba-95205461fe45,T1218.011
c2ee08b5-5859-4ef4-870e-8eb8c4c17907,T1059.001
c2ee08b5-5859-4ef4-870e-8eb8c4c17907,T1106
c2ee08b5-5859-4ef4-870e-8eb8c4c17907,T1204.002
c2ffbf46-9a97-49e6-803c-41dfb1ea71a2,T1055
c2ffbf46-9a97-49e6-803c-41dfb1ea71a2,T1059.001
c313cbf0-2ab3-4a1e-a31f-094eed05d788,T1003.001
c313cbf0-2ab3-4a1e-a31f-094eed05d788,T1059.001
c313cbf0-2ab3-4a1e-a31f-094eed05d788,T1558.003
c3666e0c-6745-4e43-96e7-cb3cf15c8998,T1059.001
c3666e0c-6745-4e43-96e7-cb3cf15c8998,T1204.002
c36f0e58-9bd7-4826-9b45-8037bd978862,T1059.001
c36f0e58-9bd7-4826-9b45-8037bd978862,T1059.003
c36f0e58-9bd7-4826-9b45-8037bd978862,T1570
c3c5aaa9-d7f4-4ceb-8cce-2e68972205eb,T1036
c3c5aaa9-d7f4-4ceb-8cce-2e68972205eb,T1036.003
c3c5aaa9-d7f4-4ceb-8cce-2e68972205eb,T1059.001
c3c5aaa9-d7f4-4ceb-8cce-2e68972205eb,T1086
c3c5aaa9-d7f4-4ceb-8cce-2e68972205eb,T1105
c3c5aaa9-d7f4-4ceb-8cce-2e68972205eb,T1569.002
c41e1ebd-f0e4-4ecf-835b-02b525d084dd,T1053.005
c41e1ebd-f0e4-4ecf-835b-02b525d084dd,T1059.001
c41e1ebd-f0e4-4ecf-835b-02b525d084dd,T1087.001
c41e1ebd-f0e4-4ecf-835b-02b525d084dd,T1106
c4416d0a-614f-46b1-97af-dd4eaf81ac4c,T1059.001
c4416d0a-614f-46b1-97af-dd4eaf81ac4c,T1569.002
c465f50c-32b5-48ec-9612-d43b543f5f4b,T1047
c465f50c-32b5-48ec-9612-d43b543f5f4b,T1218.005
c4c8a302-57d3-45a0-ad24-1b08d93e7550,T1059.001
c4c8a302-57d3-45a0-ad24-1b08d93e7550,T1087.001
c4c8a302-57d3-45a0-ad24-1b08d93e7550,T1547.001
c4c8a302-57d3-45a0-ad24-1b08d93e7550,T1569.002
c55a0913-ac2b-44cf-a942-0502091c1404,T1059.001
c55a0913-ac2b-44cf-a942-0502091c1404,T1547.009
c5b6cca4-827e-40d3-bff5-d4de96c9a6b1,T1059.001
c5b6cca4-827e-40d3-bff5-d4de96c9a6b1,T1070.003
c5b6cca4-827e-40d3-bff5-d4de96c9a6b1,T1087
c5b6cca4-827e-40d3-bff5-d4de96c9a6b1,T1105
c6358b40-902b-4b7f-ba21-52c5790fe033,T1059.001
c6358b40-902b-4b7f-ba21-52c5790fe033,T1105
c6358b40-902b-4b7f-ba21-52c5790fe033,T1204.002
c75c40e7-5152-47b3-980f-844b17b7bc52,T1055.012
c75c40e7-5152-47b3-980f-844b17b7bc52,T1059.001
c75c40e7-5152-47b3-980f-844b17b7bc52,T1087
c8e94d97-012c-49d4-8f8e-60bbe7538a14,T1053.003
c8e94d97-012c-49d4-8f8e-60bbe7538a14,T1059.001
c8e94d97-012c-49d4-8f8e-60bbe7538a14,T1203
c94eb195-8804-4b01-a493-08ad8d5edf4a,T1059
c94eb195-8804-4b01-a493-08ad8d5edf4a,T1562.001
c9712eb9-48b6-4f6e-86d3-986098998529,T1569.002
ca562db2-b276-4f2a-a707-1051cba7cd61,T1047
ca562db2-b276-4f2a-a707-1051cba7cd61,T1059.001
ca562db2-b276-4f2a-a707-1051cba7cd61,T1087.001
ca562db2-b276-4f2a-a707-1051cba7cd61,T1105
ca562db2-b276-4f2a-a707-1051cba7cd61,T1218.005
ca8b526d-b595-47aa-a83e-55c73476d7ad,T1059.001
ca8b526d-b595-47aa-a83e-55c73476d7ad,T1086
caaffc05-a474-4f27-a962-5b61ff5a7ef0,T1057
caaffc05-a474-4f27-a962-5b61ff5a7ef0,T1059.001
caaffc05-a474-4f27-a962-5b61ff5a7ef0,T1083
caaffc05-a474-4f27-a962-5b61ff5a7ef0,T1106
caaffc05-a474-4f27-a962-5b61ff5a7ef0,T1127
cab74e90-92bf-48a8-9394-168ebff7c9f9,T1053
cab74e90-92bf-48a8-9394-168ebff7c9f9,T1059.001
cab74e90-92bf-48a8-9394-168ebff7c9f9,T1105
cae6d542-8b64-4d4b-bed6-622de0161168,T1036.004
cae6d542-8b64-4d4b-bed6-622de0161168,T1059.001
cae6d542-8b64-4d4b-bed6-622de0161168,T1087.001
cae6d542-8b64-4d4b-bed6-622de0161168,T1106
cae6d542-8b64-4d4b-bed6-622de0161168,T1203
cb0a8891-2e7f-49cf-8e53-1652d7752979,T1016
cb0a8891-2e7f-49cf-8e53-1652d7752979,T1059.001
cb0a8891-2e7f-49cf-8e53-1652d7752979,T1087.001
cb0a8891-2e7f-49cf-8e53-1652d7752979,T1482
cb6db972-566b-4b3d-b07a-0c7c86a0353e,T1033
cb6db972-566b-4b3d-b07a-0c7c86a0353e,T1059.001
cb6db972-566b-4b3d-b07a-0c7c86a0353e,T1059.003
cb6db972-566b-4b3d-b07a-0c7c86a0353e,T1060
cb6db972-566b-4b3d-b07a-0c7c86a0353e,T1547.001
cbbd37f8-99dd-4f55-8bc7-933a77db6d40,T1071.001
cbbd37f8-99dd-4f55-8bc7-933a77db6d40,T1105
cbbd37f8-99dd-4f55-8bc7-933a77db6d40,T1204.002
cbe0a6e9-ef3f-4f7c-a972-89c327e8f84f,T1059.001
cbe0a6e9-ef3f-4f7c-a972-89c327e8f84f,T1071.004
cbe0a6e9-ef3f-4f7c-a972-89c327e8f84f,T1087.001
cbe0a6e9-ef3f-4f7c-a972-89c327e8f84f,T1105
cc382d4f-0f56-4aec-81b3-e79d6dd4d8f6,T1033
cc382d4f-0f56-4aec-81b3-e79d6dd4d8f6,T1053.005
cc382d4f-0f56-4aec-81b3-e79d6dd4d8f6,T1059.001
cc382d4f-0f56-4aec-81b3-e79d6dd4d8f6,T1106
cc382d4f-0f56-4aec-81b3-e79d6dd4d8f6,T1569.002
cc9236c5-59dd-4ab9-89af-ad9b304dd7f1,T1033
cc9236c5-59dd-4ab9-89af-ad9b304dd7f1,T1087.001
cdb8e1b3-35a5-4672-aa3a-79782856bd17,T1033
cdb8e1b3-35a5-4672-aa3a-79782856bd17,T1059.001
cdb8e1b3-35a5-4672-aa3a-79782856bd17,T1059.003
cdb8e1b3-35a5-4672-aa3a-79782856bd17,T1087
ce43d286-f286-479c-a288-f99fd764ebc6,T1033
ce43d286-f286-479c-a288-f99fd764ebc6,T1059.001
ce43d286-f286-479c-a288-f99fd764ebc6,T1112
ce43d286-f286-479c-a288-f99fd764ebc6,T1136.001
ce43d286-f286-479c-a288-f99fd764ebc6,T1547.001
ce75cf9b-04ef-43ad-b086-f1a18e34b323,T1003.003
ce75cf9b-04ef-43ad-b086-f1a18e34b323,T1059.001
ce75cf9b-04ef-43ad-b086-f1a18e34b323,T1490
ce75cf9b-04ef-43ad-b086-f1a18e34b323,T1562.001
ce791a28-775b-4ac2-8740-0bff2f8956b3,T1047
ce791a28-775b-4ac2-8740-0bff2f8956b3,T1059.001
ce791a28-775b-4ac2-8740-0bff2f8956b3,T1087.001
ce791a28-775b-4ac2-8740-0bff2f8956b3,T1105
cf397440-a87a-4d4a-9f35-179e0d2cd648,T1036.005
cf397440-a87a-4d4a-9f35-179e0d2cd648,T1059.001
cf397440-a87a-4d4a-9f35-179e0d2cd648,T1070.004
cf397440-a87a-4d4a-9f35-179e0d2cd648,T1546.010
cfef667e-6114-4dd4-8db2-c412d3226c2e,T1059.001
cfef667e-6114-4dd4-8db2-c412d3226c2e,T1059.003
cfef667e-6114-4dd4-8db2-c412d3226c2e,T1203
cff15a2b-ad7a-4712-8c12-d6598e13de82,T1033
cff15a2b-ad7a-4712-8c12-d6598e13de82,T1059.001
cff15a2b-ad7a-4712-8c12-d6598e13de82,T1083
cff15a2b-ad7a-4712-8c12-d6598e13de82,T1202
d08b07cb-aa0b-46e6-9035-775bc2a3340a,T1033
d08b07cb-aa0b-46e6-9035-775bc2a3340a,T1087.001
d13ce0e1-df1f-466f-ba01-008a58b783fa,T1003.006
d13ce0e1-df1f-466f-ba01-008a58b783fa,T1033
d13ce0e1-df1f-466f-ba01-008a58b783fa,T1059.001
d13ce0e1-df1f-466f-ba01-008a58b783fa,T1105
d2d9833d-f660-4cfe-9441-948e18acf71c,T1035
d2d9833d-f660-4cfe-9441-948e18acf71c,T1569.002
d41603e1-e224-4d5f-b495-d0fafc2ceb39,T1059
d41603e1-e224-4d5f-b495-d0fafc2ceb39,T1059.001
d4bdd51c-6b85-4992-b9a1-a870aee3bf8c,T1059.001
d4bdd51c-6b85-4992-b9a1-a870aee3bf8c,T1071.001
d4bdd51c-6b85-4992-b9a1-a870aee3bf8c,T1105
d4bdd51c-6b85-4992-b9a1-a870aee3bf8c,T1204.002
d52c24c1-d8db-404d-a3d0-4dc89d9250aa,T1036.004
d52c24c1-d8db-404d-a3d0-4dc89d9250aa,T1053.005
d52c24c1-d8db-404d-a3d0-4dc89d9250aa,T1059.001
d5f678ce-6aaa-471d-b5f6-0a1b3e8fb799,T1055
d5f678ce-6aaa-471d-b5f6-0a1b3e8fb799,T1059.001
d5f678ce-6aaa-471d-b5f6-0a1b3e8fb799,T1071.001
d5f678ce-6aaa-471d-b5f6-0a1b3e8fb799,T1105
d5f678ce-6aaa-471d-b5f6-0a1b3e8fb799,T1218.005
d6956582-b4f6-4b9a-8caa-40ac3c0c3700,T1059.001
d6956582-b4f6-4b9a-8caa-40ac3c0c3700,T1071.001
d6956582-b4f6-4b9a-8caa-40ac3c0c3700,T1105
d71fb65b-0c78-4b59-88de-c14ef435d407,T1036.005
d71fb65b-0c78-4b59-88de-c14ef435d407,T1059.001
d71fb65b-0c78-4b59-88de-c14ef435d407,T1087
d71fb65b-0c78-4b59-88de-c14ef435d407,T1105
d771d857-522f-495f-be9b-7ba8224e3f49,T1059.001
d771d857-522f-495f-be9b-7ba8224e3f49,T1071.001
d771d857-522f-495f-be9b-7ba8224e3f49,T1218.011
d771d857-522f-495f-be9b-7ba8224e3f49,T1569.002
d77c8cf1-5c7d-4b20-ae59-853c4b176089,T1057
d77c8cf1-5c7d-4b20-ae59-853c4b176089,T1059.001
d77c8cf1-5c7d-4b20-ae59-853c4b176089,T1082
d77c8cf1-5c7d-4b20-ae59-853c4b176089,T1083
d77c8cf1-5c7d-4b20-ae59-853c4b176089,T1086
d7a93eac-b4d8-4e6d-94af-a8e5689c78ce,T1033
d7a93eac-b4d8-4e6d-94af-a8e5689c78ce,T1087.001
d890faa9-23d6-49d1-ae88-79e6a67a4d88,T1036
d890faa9-23d6-49d1-ae88-79e6a67a4d88,T1059.001
d890faa9-23d6-49d1-ae88-79e6a67a4d88,T1087
d8a12eba-d742-42c6-967a-337e3b5029c4,T1036
d8a12eba-d742-42c6-967a-337e3b5029c4,T1059
d8b3b64d-c5d6-4a2d-8aa1-08f4589cd3f3,T1027
d8b3b64d-c5d6-4a2d-8aa1-08f4589cd3f3,T1059.001
d8b3b64d-c5d6-4a2d-8aa1-08f4589cd3f3,T1059.003
d8b3b64d-c5d6-4a2d-8aa1-08f4589cd3f3,T1081
d8b3b64d-c5d6-4a2d-8aa1-08f4589cd3f3,T1203
d8b3b64d-c5d6-4a2d-8aa1-08f4589cd3f3,T1218.003
d8c452f4-61c9-45f7-8722-dd0ac8b1ee32,T1218.005
d919394e-5971-4175-bf06-9078860bf3cc,T1059.003
d91b5e5d-c255-4452-851c-541d5685c4b2,T1003.003
d91b5e5d-c255-4452-851c-541d5685c4b2,T1059.001
d91b5e5d-c255-4452-851c-541d5685c4b2,T1086
d91b5e5d-c255-4452-851c-541d5685c4b2,T1218.010
dae4964b-754b-4fe2-8966-2a303f9ece65,T1059.001
dae4964b-754b-4fe2-8966-2a303f9ece65,T1083
dae4964b-754b-4fe2-8966-2a303f9ece65,T1087.001
dae4964b-754b-4fe2-8966-2a303f9ece65,T1105
dbabe5cb-bf67-4ef2-bb29-b8db81507138,T1036
dbabe5cb-bf67-4ef2-bb29-b8db81507138,T1059.001
dbabe5cb-bf67-4ef2-bb29-b8db81507138,T1071.001
dbabe5cb-bf67-4ef2-bb29-b8db81507138,T1105
dbeb1a94-fc42-47e8-b911-c3d252df3a7f,T1033
dbeb1a94-fc42-47e8-b911-c3d252df3a7f,T1059.001
dbeb1a94-fc42-47e8-b911-c3d252df3a7f,T1087
dbeb1a94-fc42-47e8-b911-c3d252df3a7f,T1106
dc0600b1-44ee-455e-b12a-52539a39695a,T1016
dc0600b1-44ee-455e-b12a-52539a39695a,T1018
dc0600b1-44ee-455e-b12a-52539a39695a,T1059.001
dc0600b1-44ee-455e-b12a-52539a39695a,T1082
dc0600b1-44ee-455e-b12a-52539a39695a,T1083
dc6ad91f-fdf3-4013-bf75-198304a262e9,T1059.001
dc6ad91f-fdf3-4013-bf75-198304a262e9,T1070.004
dc6ad91f-fdf3-4013-bf75-198304a262e9,T1490
ddd8dbe5-af4a-4af1-b563-3179314325df,T1059.007
ddd8dbe5-af4a-4af1-b563-3179314325df,T1204.002
de1878c2-6b3f-4896-8e04-30f81aac9b3b,T1033
de1878c2-6b3f-4896-8e04-30f81aac9b3b,T1059.001
de1878c2-6b3f-4896-8e04-30f81aac9b3b,T1083
de1878c2-6b3f-4896-8e04-30f81aac9b3b,T1087
de964354-d780-4550-a1b3-0528e9410993,T1059.001
de964354-d780-4550-a1b3-0528e9410993,T1106
df0ed868-a6d7-4cef-bdcf-416c0e8446a0,T1033
df0ed868-a6d7-4cef-bdcf-416c0e8446a0,T1053
df0ed868-a6d7-4cef-bdcf-416c0e8446a0,T1059.001
df2d2e93-daad-4eca-ad86-53945d622eb0,T1033
df2d2e93-daad-4eca-ad86-53945d622eb0,T1059.001
df2d2e93-daad-4eca-ad86-53945d622eb0,T1078.003
df2d2e93-daad-4eca-ad86-53945d622eb0,T1083
df2d2e93-daad-4eca-ad86-53945d622eb0,T1087.001
dfb952ee-605b-4761-91b4-477e973a8227,T1033
dfb952ee-605b-4761-91b4-477e973a8227,T1059.001
dfb952ee-605b-4761-91b4-477e973a8227,T1087
dfb952ee-605b-4761-91b4-477e973a8227,T1204.002
e2350be6-f8c1-4bf5-a58e-19c8c2c8c7a9,T1018
e2350be6-f8c1-4bf5-a58e-19c8c2c8c7a9,T1033
e2350be6-f8c1-4bf5-a58e-19c8c2c8c7a9,T1047
e2350be6-f8c1-4bf5-a58e-19c8c2c8c7a9,T1057
e2350be6-f8c1-4bf5-a58e-19c8c2c8c7a9,T1059.001
e2350be6-f8c1-4bf5-a58e-19c8c2c8c7a9,T1087.001
e268a714-48ea-433d-9e5a-0a671ab79294,T1059.001
e268a714-48ea-433d-9e5a-0a671ab79294,T1071.001
e268a714-48ea-433d-9e5a-0a671ab79294,T1204.002
e268a714-48ea-433d-9e5a-0a671ab79294,T1566.001
e297d127-6a00-42b0-92bd-d435398ea14b,T1059.003
e297d127-6a00-42b0-92bd-d435398ea14b,T1112
e297d127-6a00-42b0-92bd-d435398ea14b,T1548.002
e3fcae67-b459-4f7c-8580-8312c0410c7d,T1059.003
e3fcae67-b459-4f7c-8580-8312c0410c7d,T1081
e4420d81-f976-4912-8149-e820ff2baed0,T1047
e4420d81-f976-4912-8149-e820ff2baed0,T1218.001
e4eb2464-57f2-414c-8595-11448cd6fe29,T1059.001
e4eb2464-57f2-414c-8595-11448cd6fe29,T1059.003
e4eb2464-57f2-414c-8595-11448cd6fe29,T1087.001
e4eb2464-57f2-414c-8595-11448cd6fe29,T1127.001
e71906db-e494-42e6-8d32-e81c5f2d4be0,T1033
e71906db-e494-42e6-8d32-e81c5f2d4be0,T1059.001
e71906db-e494-42e6-8d32-e81c5f2d4be0,T1087
e7680f98-1ed8-4340-9adb-e1a84b99da95,T1003.001
e7680f98-1ed8-4340-9adb-e1a84b99da95,T1059.001
e8d7e7ba-80b0-49d0-b928-cc61ce6c65f7,T1057
e8d7e7ba-80b0-49d0-b928-cc61ce6c65f7,T1059.001
e8d7e7ba-80b0-49d0-b928-cc61ce6c65f7,T1087
e8dedfa5-6eca-4b71-bfa9-b3be07adcf1f,T1036.004
e8dedfa5-6eca-4b71-bfa9-b3be07adcf1f,T1055.012
e8dedfa5-6eca-4b71-bfa9-b3be07adcf1f,T1059.001
e8dedfa5-6eca-4b71-bfa9-b3be07adcf1f,T1087.001
e8dedfa5-6eca-4b71-bfa9-b3be07adcf1f,T1105
e8dedfa5-6eca-4b71-bfa9-b3be07adcf1f,T1204.002
e910bda8-c430-4283-9663-be8820161c33,T1003.007
e910bda8-c430-4283-9663-be8820161c33,T1021.002
e910bda8-c430-4283-9663-be8820161c33,T1033
e910bda8-c430-4283-9663-be8820161c33,T1059.001
e940082d-df16-4e47-b018-d16df3742cd7,T1033
e940082d-df16-4e47-b018-d16df3742cd7,T1059.001
e940082d-df16-4e47-b018-d16df3742cd7,T1070.004
e940082d-df16-4e47-b018-d16df3742cd7,T1086
e940082d-df16-4e47-b018-d16df3742cd7,T1218.007
e9444735-ae11-4f01-a16c-c7a9bd62f1d6,T1059.001
e9444735-ae11-4f01-a16c-c7a9bd62f1d6,T1087.001
e9444735-ae11-4f01-a16c-c7a9bd62f1d6,T1106
e9444735-ae11-4f01-a16c-c7a9bd62f1d6,T1204.002
e95b36d4-062b-4b66-8750-9f1bdc620e77,T1053
e95b36d4-062b-4b66-8750-9f1bdc620e77,T1059.001
e95b36d4-062b-4b66-8750-9f1bdc620e77,T1083
ea554611-9a61-4611-9a92-1a8e19f61c6c,T1059.001
ea554611-9a61-4611-9a92-1a8e19f61c6c,T1059.003
ea554611-9a61-4611-9a92-1a8e19f61c6c,T1204.002
ead17e4c-f090-4cc8-af37-2c0099077128,T1003
ead17e4c-f090-4cc8-af37-2c0099077128,T1033
ead17e4c-f090-4cc8-af37-2c0099077128,T1059.001
ead17e4c-f090-4cc8-af37-2c0099077128,T1070.004
ead17e4c-f090-4cc8-af37-2c0099077128,T1086
ead17e4c-f090-4cc8-af37-2c0099077128,T1087.001
ebdde970-7c08-45ff-b00b-e064d496c23f,T1059.001
ebdde970-7c08-45ff-b00b-e064d496c23f,T1087
ebdde970-7c08-45ff-b00b-e064d496c23f,T1105
ebdde970-7c08-45ff-b00b-e064d496c23f,T1136
ebdde970-7c08-45ff-b00b-e064d496c23f,T1204.002
ed464bba-217c-4016-a871-04e09ec554e4,T1059.001
ed464bba-217c-4016-a871-04e09ec554e4,T1059.003
ed464bba-217c-4016-a871-04e09ec554e4,T1083
eea1dc2b-8de9-4346-aa4f-93fd810b0b06,T1033
eea1dc2b-8de9-4346-aa4f-93fd810b0b06,T1059.001
eea1dc2b-8de9-4346-aa4f-93fd810b0b06,T1087.001
eedb0387-541b-4820-9d83-f82e81e9c692,T1036.005
eedb0387-541b-4820-9d83-f82e81e9c692,T1055.012
eedb0387-541b-4820-9d83-f82e81e9c692,T1059.001
eedb0387-541b-4820-9d83-f82e81e9c692,T1087.001
ef1b3d9e-08b6-4a30-913c-320fdc6d5f4c,T1059.001
ef1b3d9e-08b6-4a30-913c-320fdc6d5f4c,T1059.003
ef1b3d9e-08b6-4a30-913c-320fdc6d5f4c,T1105
efa3fbc5-d129-46a6-be4e-8c4de3672a99,T1059.001
efa3fbc5-d129-46a6-be4e-8c4de3672a99,T1106
efa3fbc5-d129-46a6-be4e-8c4de3672a99,T1204.002
f0829ddc-f229-4a92-aa86-bdc6920f9dc2,T1055
f0829ddc-f229-4a92-aa86-bdc6920f9dc2,T1059.001
f0829ddc-f229-4a92-aa86-bdc6920f9dc2,T1083
f17c2777-08ac-4c20-8162-b4b974ddcd1d,T1059.001
f17c2777-08ac-4c20-8162-b4b974ddcd1d,T1086
f17c2777-08ac-4c20-8162-b4b974ddcd1d,T1087
f17c2777-08ac-4c20-8162-b4b974ddcd1d,T1106
f17c2777-08ac-4c20-8162-b4b974ddcd1d,T1135
f17fd084-7815-4a0b-a1c8-f7ce63ab528c,T1059.003
f17fd084-7815-4a0b-a1c8-f7ce63ab528c,T1105
f17fd084-7815-4a0b-a1c8-f7ce63ab528c,T1569.002
f28248bd-d6ac-47ef-9f93-4894a6041431,T1003
f28248bd-d6ac-47ef-9f93-4894a6041431,T1055
f28248bd-d6ac-47ef-9f93-4894a6041431,T1059.001
f28248bd-d6ac-47ef-9f93-4894a6041431,T1071.001
f28248bd-d6ac-47ef-9f93-4894a6041431,T1083
f28248bd-d6ac-47ef-9f93-4894a6041431,T1218.011
f2d22a1e-98b5-4c6e-9dd5-d4173c877176,T1033
f2d22a1e-98b5-4c6e-9dd5-d4173c877176,T1055
f2d22a1e-98b5-4c6e-9dd5-d4173c877176,T1059.001
f2d22a1e-98b5-4c6e-9dd5-d4173c877176,T1087
f32c7c55-993c-44aa-8519-64c4028fa13f,T1003.002
f32c7c55-993c-44aa-8519-64c4028fa13f,T1083
f332e082-23ff-445a-bdfa-c7ea7154c102,T1036.007
f332e082-23ff-445a-bdfa-c7ea7154c102,T1059.001
f332e082-23ff-445a-bdfa-c7ea7154c102,T1059.005
f332e082-23ff-445a-bdfa-c7ea7154c102,T1087.001
f332e082-23ff-445a-bdfa-c7ea7154c102,T1203
f3677271-2bc6-43fa-90f4-74ddc37750e8,T1059.001
f3677271-2bc6-43fa-90f4-74ddc37750e8,T1105
f3677271-2bc6-43fa-90f4-74ddc37750e8,T1204.002
f411509b-4ad4-451a-b069-749af3bf335d,T1027
f411509b-4ad4-451a-b069-749af3bf335d,T1059.001
f411509b-4ad4-451a-b069-749af3bf335d,T1087.001
f411509b-4ad4-451a-b069-749af3bf335d,T1560
f4ba9809-97e0-410d-96a2-0271239bf225,T1033
f4ba9809-97e0-410d-96a2-0271239bf225,T1087
f4c31d3f-f70d-4c62-b978-ea41d388c796,T1059.001
f630172b-45ba-4ec2-94a2-812621d5b8ef,T1003.001
f630172b-45ba-4ec2-94a2-812621d5b8ef,T1059.001
f630172b-45ba-4ec2-94a2-812621d5b8ef,T1071.001
f630172b-45ba-4ec2-94a2-812621d5b8ef,T1083
f630172b-45ba-4ec2-94a2-812621d5b8ef,T1105
f7a332c7-f667-4914-9121-8ceb4e8aa6b8,T1005
f7a332c7-f667-4914-9121-8ceb4e8aa6b8,T1027
f7a332c7-f667-4914-9121-8ceb4e8aa6b8,T1059.001
f7a332c7-f667-4914-9121-8ceb4e8aa6b8,T1087
f7a332c7-f667-4914-9121-8ceb4e8aa6b8,T1105
f7a332c7-f667-4914-9121-8ceb4e8aa6b8,T1562.001
f88be3f8-6b67-42cb-b1b9-e566afc66bee,T1059.001
f88be3f8-6b67-42cb-b1b9-e566afc66bee,T1204.002
fa8102bf-f50d-4ca6-9ff8-ddd82a47f63c,T1021.001
fa8102bf-f50d-4ca6-9ff8-ddd82a47f63c,T1056.004
fa8102bf-f50d-4ca6-9ff8-ddd82a47f63c,T1059.001
fa8102bf-f50d-4ca6-9ff8-ddd82a47f63c,T1087.001
fac794f7-ad14-4910-9d4c-02cd52a5b3c5,T1055
fac794f7-ad14-4910-9d4c-02cd52a5b3c5,T1059.001
fac794f7-ad14-4910-9d4c-02cd52a5b3c5,T1086
faf5ba2c-f627-4cf6-951b-2184147d143a,T1055
faf5ba2c-f627-4cf6-951b-2184147d143a,T1059.001
fc4e9658-d2e8-47a4-82a1-506eb1a3823e,T1055
fc4e9658-d2e8-47a4-82a1-506eb1a3823e,T1059.001
fc4e9658-d2e8-47a4-82a1-506eb1a3823e,T1071.001
fc4e9658-d2e8-47a4-82a1-506eb1a3823e,T1083
fc4e9658-d2e8-47a4-82a1-506eb1a3823e,T1087.001
fc8d8783-fe55-4822-a226-5d7fbfdb740d,T1018
fc8d8783-fe55-4822-a226-5d7fbfdb740d,T1046
fc8d8783-fe55-4822-a226-5d7fbfdb740d,T1047
fc8d8783-fe55-4822-a226-5d7fbfdb740d,T1059.001
fc8d8783-fe55-4822-a226-5d7fbfdb740d,T1087
fcf42dd2-a782-46cb-9457-f685a1946fbb,T1033
fcf42dd2-a782-46cb-9457-f685a1946fbb,T1049
fcf42dd2-a782-46cb-9457-f685a1946fbb,T1059.001
fcf42dd2-a782-46cb-9457-f685a1946fbb,T1071.001
fcf42dd2-a782-46cb-9457-f685a1946fbb,T1105
fe0f5699-c757-4692-9784-029a02ef0fa0,T1033
fe0f5699-c757-4692-9784-029a02ef0fa0,T1055.012
fe0f5699-c757-4692-9784-029a02ef0fa0,T1059.001
fe0f5699-c757-4692-9784-029a02ef0fa0,T1087.001
fe15df74-8712-425e-bf08-be95b40d226b,T1055
fe15df74-8712-425e-bf08-be95b40d226b,T1059.001
fe15df74-8712-425e-bf08-be95b40d226b,T1086
ff63b807-e9c8-432b-8920-197c513c54c2,T1003
ff63b807-e9c8-432b-8920-197c513c54c2,T1033
ff63b807-e9c8-432b-8920-197c513c54c2,T1059.001
ff63b807-e9c8-432b-8920-197c513c54c2,T1106
ff63b807-e9c8-432b-8920-197c513c54c2,T1569.002
fffd3086-d733-43e6-8adf-1c0077195820,T1059.001
fffd3086-d733-43e6-8adf-1c0077195820,T1059.003
fffd3086-d733-43e6-8adf-1c0077195820,T1570
