:START_ID(Process),:END_ID(IP)
08846768-6d22-68ce-ec15-000000000c00,185.199.109.133
08846768-6d2a-68ce-0c16-000000000c00,20.200.245.247
08846768-6d2d-68ce-1516-000000000c00,185.199.109.133
08846768-7169-68ce-e71a-000000000c00,0:0:0:0:0:0:0:1
08846768-716f-68ce-041b-000000000c00,20.189.173.6
08846768-716f-68ce-041b-000000000c00,52.109.136.6
08846768-7170-68ce-0a1b-000000000c00,0:0:0:0:0:0:0:1
08846768-78ff-68ce-5605-000000000e00,23.192.228.84
08846768-79fe-68ce-0506-000000000e00,0:0:0:0:0:0:0:1
08846768-7a03-68ce-1206-000000000e00,185.199.109.133
08846768-7a05-68ce-1b06-000000000e00,20.189.173.24
08846768-7a05-68ce-1b06-000000000e00,52.111.224.7
08846768-7a36-68ce-4d06-000000000e00,185.199.110.133
08846768-7a39-68ce-4f06-000000000e00,185.199.110.133
08846768-7a3a-68ce-5106-000000000e00,185.199.110.133
08846768-7a3c-68ce-5306-000000000e00,185.199.108.133
08846768-7ab5-68ce-5506-000000000e00,192.168.91.1
08846768-7ab5-68ce-5506-000000000e00,192.168.91.134
08846768-7b5e-68ce-6506-000000000e00,0:0:0:0:0:0:0:1
08846768-7c5a-68ce-e906-000000000e00,185.199.111.133
08846768-7c5e-68ce-ef06-000000000e00,104.208.16.90
08846768-7c5e-68ce-ef06-000000000e00,52.109.136.6
08846768-7c5f-68ce-f206-000000000e00,185.199.111.133
08846768-7c62-68ce-f406-000000000e00,104.208.16.90
08846768-7c62-68ce-f406-000000000e00,52.109.136.6
08846768-7c66-68ce-fe06-000000000e00,185.199.109.133
08846768-8008-68ce-aa08-000000000e00,142.250.206.196
08846768-803e-68ce-0e09-000000000e00,192.168.91.2
08846768-8048-68ce-2409-000000000e00,192.168.91.2
08846768-8055-68ce-4509-000000000e00,192.168.91.2
08846768-8055-68ce-4609-000000000e00,20.42.65.85
08846768-8055-68ce-4609-000000000e00,52.111.232.11
08846768-805a-68ce-5209-000000000e00,20.42.65.85
08846768-805a-68ce-5209-000000000e00,52.111.232.11
08846768-805f-68ce-5b09-000000000e00,20.42.73.30
08846768-805f-68ce-5b09-000000000e00,52.111.232.11
08846768-806a-68ce-7309-000000000e00,20.189.173.1
08846768-806a-68ce-7309-000000000e00,52.111.232.11
08846768-8076-68ce-8409-000000000e00,51.132.193.105
08846768-8076-68ce-8409-000000000e00,52.111.232.11
08846768-8083-68ce-9c09-000000000e00,52.111.232.11
08846768-8083-68ce-9c09-000000000e00,52.182.143.215
08846768-8099-68ce-f309-000000000e00,192.168.91.2
08846768-8099-68ce-f509-000000000e00,192.168.91.2
08846768-8099-68ce-f709-000000000e00,192.168.91.2
08846768-809a-68ce-f909-000000000e00,192.168.91.2
08846768-809b-68ce-fb09-000000000e00,192.168.91.2
08846768-809b-68ce-fd09-000000000e00,192.168.91.2
08846768-809c-68ce-ff09-000000000e00,192.168.91.2
08846768-80a0-68ce-010a-000000000e00,192.168.91.2
08846768-80a0-68ce-030a-000000000e00,192.168.91.2
08846768-80a0-68ce-050a-000000000e00,192.168.91.2
08846768-80a0-68ce-070a-000000000e00,192.168.91.2
08846768-80a3-68ce-090a-000000000e00,192.168.91.2
08846768-80a4-68ce-0b0a-000000000e00,192.168.91.2
08846768-80a5-68ce-0d0a-000000000e00,192.168.91.2
08846768-80a7-68ce-0f0a-000000000e00,192.168.91.2
08846768-80a8-68ce-110a-000000000e00,192.168.91.2
08846768-80a8-68ce-130a-000000000e00,192.168.91.2
08846768-80a8-68ce-150a-000000000e00,192.168.91.2
08846768-80a9-68ce-170a-000000000e00,192.168.91.2
08846768-80ab-68ce-1a0a-000000000e00,192.168.91.2
08846768-80ab-68ce-1c0a-000000000e00,192.168.91.2
08846768-80ac-68ce-200a-000000000e00,192.168.91.2
08846768-80ad-68ce-220a-000000000e00,192.168.91.2
08846768-80ae-68ce-240a-000000000e00,192.168.91.2
08846768-80af-68ce-260a-000000000e00,192.168.91.2
08846768-80af-68ce-280a-000000000e00,192.168.91.2
08846768-80b0-68ce-2a0a-000000000e00,192.168.91.2
08846768-80b0-68ce-2c0a-000000000e00,192.168.91.2
08846768-80b1-68ce-2e0a-000000000e00,192.168.91.2
08846768-80b1-68ce-300a-000000000e00,192.168.91.2
08846768-80b1-68ce-320a-000000000e00,192.168.91.2
08846768-80b1-68ce-340a-000000000e00,192.168.91.2
08846768-80b1-68ce-360a-000000000e00,192.168.91.2
08846768-80b1-68ce-380a-000000000e00,192.168.91.2
08846768-80b1-68ce-3a0a-000000000e00,192.168.91.2
08846768-80b1-68ce-3c0a-000000000e00,192.168.91.2
08846768-80b1-68ce-3e0a-000000000e00,192.168.91.2
08846768-80b1-68ce-400a-000000000e00,192.168.91.2
08846768-80b1-68ce-420a-000000000e00,192.168.91.2
08846768-80b1-68ce-440a-000000000e00,192.168.91.2
08846768-80b1-68ce-460a-000000000e00,192.168.91.2
08846768-80b1-68ce-480a-000000000e00,192.168.91.2
08846768-80b1-68ce-4a0a-000000000e00,192.168.91.2
08846768-80b1-68ce-4c0a-000000000e00,192.168.91.2
08846768-80b1-68ce-4e0a-000000000e00,192.168.91.2
08846768-80b1-68ce-500a-000000000e00,192.168.91.2
08846768-80b2-68ce-520a-000000000e00,192.168.91.2
08846768-80b2-68ce-540a-000000000e00,192.168.91.2
08846768-80b2-68ce-560a-000000000e00,192.168.91.2
08846768-80b2-68ce-580a-000000000e00,192.168.91.2
08846768-80b2-68ce-5a0a-000000000e00,192.168.91.2
08846768-80b2-68ce-5c0a-000000000e00,192.168.91.2
08846768-80b2-68ce-5e0a-000000000e00,192.168.91.2
08846768-80b2-68ce-600a-000000000e00,192.168.91.2
08846768-80b2-68ce-620a-000000000e00,192.168.91.2
08846768-80b2-68ce-640a-000000000e00,192.168.91.2
08846768-80b2-68ce-660a-000000000e00,192.168.91.2
08846768-80b2-68ce-680a-000000000e00,192.168.91.2
08846768-80b2-68ce-6a0a-000000000e00,192.168.91.2
08846768-80b2-68ce-6c0a-000000000e00,192.168.91.2
08846768-80b2-68ce-6e0a-000000000e00,192.168.91.2
08846768-80b2-68ce-700a-000000000e00,192.168.91.2
08846768-80b2-68ce-720a-000000000e00,192.168.91.2
08846768-80b3-68ce-740a-000000000e00,192.168.91.2
08846768-80b3-68ce-760a-000000000e00,192.168.91.2
08846768-80b3-68ce-780a-000000000e00,192.168.91.2
08846768-80b3-68ce-7a0a-000000000e00,192.168.91.2
08846768-80b4-68ce-7c0a-000000000e00,192.168.91.2
08846768-80b4-68ce-7e0a-000000000e00,192.168.91.2
08846768-80b5-68ce-800a-000000000e00,192.168.91.2
08846768-80b6-68ce-820a-000000000e00,192.168.91.2
08846768-80b6-68ce-840a-000000000e00,192.168.91.2
08846768-80b6-68ce-860a-000000000e00,192.168.91.2
08846768-80b6-68ce-880a-000000000e00,192.168.91.2
08846768-80b7-68ce-8a0a-000000000e00,192.168.91.2
08846768-80b7-68ce-8c0a-000000000e00,192.168.91.2
08846768-80b9-68ce-8e0a-000000000e00,192.168.91.2
08846768-80ba-68ce-900a-000000000e00,192.168.91.2
08846768-80ba-68ce-920a-000000000e00,192.168.91.2
08846768-80ba-68ce-940a-000000000e00,192.168.91.2
08846768-80bc-68ce-960a-000000000e00,192.168.91.2
08846768-80bd-68ce-980a-000000000e00,192.168.91.2
08846768-80bd-68ce-9a0a-000000000e00,192.168.91.2
08846768-80bd-68ce-9c0a-000000000e00,192.168.91.2
08846768-80bd-68ce-9e0a-000000000e00,192.168.91.2
08846768-80bd-68ce-a00a-000000000e00,192.168.91.2
08846768-80be-68ce-a20a-000000000e00,192.168.91.2
08846768-80be-68ce-a40a-000000000e00,192.168.91.2
08846768-80be-68ce-a60a-000000000e00,192.168.91.2
08846768-80c0-68ce-a80a-000000000e00,192.168.91.2
08846768-80c0-68ce-aa0a-000000000e00,192.168.91.2
08846768-80c0-68ce-ac0a-000000000e00,192.168.91.2
08846768-80c1-68ce-ae0a-000000000e00,192.168.91.2
08846768-80c1-68ce-b00a-000000000e00,192.168.91.2
08846768-80c1-68ce-b20a-000000000e00,192.168.91.2
08846768-80c2-68ce-b40a-000000000e00,192.168.91.2
08846768-80c2-68ce-b60a-000000000e00,192.168.91.2
08846768-80c2-68ce-b80a-000000000e00,192.168.91.2
08846768-80c3-68ce-ba0a-000000000e00,192.168.91.2
08846768-80c3-68ce-bc0a-000000000e00,192.168.91.2
08846768-80c4-68ce-be0a-000000000e00,192.168.91.2
08846768-80c4-68ce-c00a-000000000e00,192.168.91.2
08846768-80c5-68ce-cc0a-000000000e00,192.168.91.2
08846768-80c5-68ce-ce0a-000000000e00,192.168.91.2
08846768-80c7-68ce-d10a-000000000e00,192.168.91.2
08846768-80c7-68ce-d30a-000000000e00,192.168.91.2
08846768-80c8-68ce-d50a-000000000e00,192.168.91.2
08846768-80c9-68ce-d70a-000000000e00,192.168.91.2
08846768-80ca-68ce-d90a-000000000e00,192.168.91.2
08846768-80ca-68ce-db0a-000000000e00,192.168.91.2
08846768-80cc-68ce-dd0a-000000000e00,192.168.91.2
08846768-80cc-68ce-df0a-000000000e00,192.168.91.2
08846768-80cd-68ce-e10a-000000000e00,192.168.91.2
08846768-80cd-68ce-e30a-000000000e00,192.168.91.2
08846768-80cf-68ce-e50a-000000000e00,192.168.91.2
08846768-80cf-68ce-e70a-000000000e00,192.168.91.2
08846768-80cf-68ce-e90a-000000000e00,192.168.91.2
08846768-80d0-68ce-eb0a-000000000e00,192.168.91.2
08846768-80d0-68ce-ed0a-000000000e00,192.168.91.2
08846768-80d0-68ce-ef0a-000000000e00,192.168.91.2
08846768-80d1-68ce-f10a-000000000e00,192.168.91.2
08846768-80d1-68ce-f30a-000000000e00,192.168.91.2
08846768-80d1-68ce-f50a-000000000e00,192.168.91.2
08846768-80d1-68ce-f70a-000000000e00,192.168.91.2
08846768-80d2-68ce-010b-000000000e00,192.168.91.2
08846768-80d2-68ce-f90a-000000000e00,192.168.91.2
08846768-80d2-68ce-fb0a-000000000e00,192.168.91.2
08846768-80d2-68ce-fd0a-000000000e00,192.168.91.2
08846768-80d2-68ce-ff0a-000000000e00,192.168.91.2
08846768-80d3-68ce-030b-000000000e00,192.168.91.2
08846768-80d3-68ce-050b-000000000e00,192.168.91.2
08846768-80d3-68ce-070b-000000000e00,192.168.91.2
08846768-80d3-68ce-090b-000000000e00,192.168.91.2
08846768-80d3-68ce-0b0b-000000000e00,192.168.91.2
08846768-80d3-68ce-0d0b-000000000e00,192.168.91.2
08846768-80d4-68ce-0f0b-000000000e00,192.168.91.2
08846768-80d4-68ce-110b-000000000e00,192.168.91.2
08846768-80d5-68ce-130b-000000000e00,192.168.91.2
08846768-80d5-68ce-150b-000000000e00,192.168.91.2
08846768-80d5-68ce-170b-000000000e00,192.168.91.2
08846768-80d7-68ce-190b-000000000e00,192.168.91.2
08846768-80d8-68ce-1b0b-000000000e00,192.168.91.2
08846768-80d9-68ce-1d0b-000000000e00,192.168.91.2
08846768-80d9-68ce-1f0b-000000000e00,192.168.91.2
08846768-80d9-68ce-210b-000000000e00,192.168.91.2
08846768-80d9-68ce-230b-000000000e00,192.168.91.2
08846768-80d9-68ce-250b-000000000e00,192.168.91.2
08846768-80db-68ce-270b-000000000e00,192.168.91.2
08846768-80db-68ce-290b-000000000e00,192.168.91.2
08846768-80db-68ce-2b0b-000000000e00,192.168.91.2
08846768-80dc-68ce-2d0b-000000000e00,192.168.91.2
08846768-80dc-68ce-2f0b-000000000e00,192.168.91.2
08846768-80dc-68ce-310b-000000000e00,192.168.91.2
08846768-80dc-68ce-330b-000000000e00,192.168.91.2
08846768-80dc-68ce-350b-000000000e00,192.168.91.2
08846768-80dd-68ce-370b-000000000e00,192.168.91.2
08846768-80dd-68ce-390b-000000000e00,192.168.91.2
08846768-80dd-68ce-3b0b-000000000e00,192.168.91.2
08846768-80dd-68ce-3d0b-000000000e00,192.168.91.2
08846768-80de-68ce-3f0b-000000000e00,192.168.91.2
08846768-80e0-68ce-410b-000000000e00,192.168.91.2
08846768-80e0-68ce-430b-000000000e00,192.168.91.2
08846768-80e2-68ce-450b-000000000e00,192.168.91.2
08846768-80e3-68ce-470b-000000000e00,192.168.91.2
08846768-80e3-68ce-490b-000000000e00,192.168.91.2
08846768-80e5-68ce-4b0b-000000000e00,192.168.91.2
08846768-80e5-68ce-4d0b-000000000e00,192.168.91.2
08846768-80e5-68ce-4f0b-000000000e00,192.168.91.2
08846768-80e5-68ce-510b-000000000e00,192.168.91.2
08846768-80e5-68ce-530b-000000000e00,192.168.91.2
08846768-80e7-68ce-550b-000000000e00,192.168.91.2
08846768-80e8-68ce-570b-000000000e00,192.168.91.2
08846768-80e8-68ce-590b-000000000e00,192.168.91.2
08846768-80e8-68ce-5b0b-000000000e00,192.168.91.2
08846768-80e8-68ce-5d0b-000000000e00,192.168.91.2
08846768-80e8-68ce-5f0b-000000000e00,192.168.91.2
08846768-80e8-68ce-610b-000000000e00,192.168.91.2
08846768-80e9-68ce-630b-000000000e00,192.168.91.2
08846768-80e9-68ce-650b-000000000e00,192.168.91.2
08846768-80e9-68ce-670b-000000000e00,192.168.91.2
08846768-80e9-68ce-690b-000000000e00,192.168.91.2
08846768-80ea-68ce-6b0b-000000000e00,192.168.91.2
08846768-80eb-68ce-6d0b-000000000e00,192.168.91.2
08846768-80eb-68ce-6f0b-000000000e00,192.168.91.2
08846768-80ec-68ce-710b-000000000e00,192.168.91.2
08846768-80ed-68ce-730b-000000000e00,192.168.91.2
08846768-80ed-68ce-750b-000000000e00,192.168.91.2
08846768-80ee-68ce-770b-000000000e00,192.168.91.2
08846768-80ee-68ce-790b-000000000e00,192.168.91.2
08846768-80ef-68ce-7d0b-000000000e00,192.168.91.2
08846768-80ef-68ce-7f0b-000000000e00,192.168.91.2
08846768-80f0-68ce-810b-000000000e00,192.168.91.2
08846768-80f0-68ce-830b-000000000e00,192.168.91.2
08846768-80f0-68ce-850b-000000000e00,192.168.91.2
08846768-80f2-68ce-870b-000000000e00,192.168.91.2
08846768-80f2-68ce-890b-000000000e00,192.168.91.2
08846768-80f2-68ce-8b0b-000000000e00,192.168.91.2
08846768-80f3-68ce-8d0b-000000000e00,192.168.91.2
08846768-80f3-68ce-8f0b-000000000e00,192.168.91.2
08846768-80f3-68ce-910b-000000000e00,192.168.91.2
08846768-80f5-68ce-930b-000000000e00,192.168.91.2
08846768-80f6-68ce-950b-000000000e00,192.168.91.2
08846768-80f6-68ce-970b-000000000e00,192.168.91.2
08846768-80f7-68ce-990b-000000000e00,192.168.91.2
08846768-80f7-68ce-9b0b-000000000e00,192.168.91.2
08846768-80f7-68ce-9d0b-000000000e00,192.168.91.2
08846768-80f9-68ce-9f0b-000000000e00,192.168.91.2
08846768-80f9-68ce-a10b-000000000e00,192.168.91.2
08846768-80fb-68ce-a30b-000000000e00,192.168.91.2
08846768-80fe-68ce-a50b-000000000e00,192.168.91.2
08846768-8100-68ce-a70b-000000000e00,192.168.91.2
08846768-8101-68ce-a90b-000000000e00,192.168.91.2
08846768-8102-68ce-ab0b-000000000e00,192.168.91.2
08846768-8102-68ce-ad0b-000000000e00,192.168.91.2
08846768-8103-68ce-af0b-000000000e00,192.168.91.2
08846768-8103-68ce-b10b-000000000e00,192.168.91.2
08846768-8103-68ce-b30b-000000000e00,192.168.91.2
08846768-8103-68ce-b50b-000000000e00,192.168.91.2
08846768-8103-68ce-b70b-000000000e00,192.168.91.2
08846768-8103-68ce-b90b-000000000e00,192.168.91.2
08846768-8106-68ce-bb0b-000000000e00,192.168.91.2
08846768-8106-68ce-bd0b-000000000e00,192.168.91.2
08846768-8106-68ce-c10b-000000000e00,192.168.91.2
08846768-8106-68ce-c30b-000000000e00,192.168.91.2
08846768-8108-68ce-c50b-000000000e00,192.168.91.2
08846768-8108-68ce-c70b-000000000e00,192.168.91.2
08846768-8108-68ce-c90b-000000000e00,192.168.91.2
08846768-8108-68ce-cb0b-000000000e00,192.168.91.2
08846768-8109-68ce-cd0b-000000000e00,192.168.91.2
08846768-8109-68ce-cf0b-000000000e00,192.168.91.2
08846768-8109-68ce-d10b-000000000e00,192.168.91.2
08846768-8109-68ce-d30b-000000000e00,192.168.91.2
08846768-810b-68ce-d50b-000000000e00,192.168.91.2
08846768-810b-68ce-d70b-000000000e00,192.168.91.2
08846768-810b-68ce-d90b-000000000e00,192.168.91.2
08846768-810e-68ce-db0b-000000000e00,192.168.91.2
08846768-8123-68ce-ef0b-000000000e00,185.199.111.133
1087e0b7-df22-68d4-da02-000000000500,0:0:0:0:0:0:0:1
44e3886b-5c6a-68d7-5001-000000001d00,118.214.79.16
44e3886b-5c6a-68d7-5001-000000001d00,13.107.246.74
44e3886b-5c6a-68d7-5001-000000001d00,20.190.144.139
44e3886b-5c6a-68d7-5001-000000001d00,20.190.144.164
44e3886b-5c71-68d7-5401-000000001d00,40.126.16.165
44e3886b-5c73-68d7-5901-000000001d00,40.126.16.165
44e3886b-5cee-68d7-9801-000000001d00,185.199.111.133
44e3886b-5df7-68d7-1d02-000000001d00,185.199.111.133
44e3886b-5e10-68d7-3002-000000001d00,40.126.35.80
44e3886b-5e23-68d7-5602-000000001d00,185.199.111.133
44e3886b-5f0a-68d7-e802-000000001d00,8.8.8.8
44e3886b-5f83-68d7-eb02-000000001d00,8.8.8.8
44e3886b-5ffb-68d7-f102-000000001d00,8.8.8.8
44e3886b-6063-68d7-2103-000000001d00,173.255.203.95
44e3886b-623d-68d7-2504-000000001d00,191.233.128.164
44e3886b-623d-68d7-2504-000000001d00,20.209.105.139
44e3886b-623d-68d7-2504-000000001d00,20.60.183.11
44e3886b-623d-68d7-2504-000000001d00,20.60.220.97
44e3886b-623d-68d7-2504-000000001d00,52.239.155.228
44e3886b-623d-68d7-2504-000000001d00,52.239.169.4
44e3886b-62ca-68d7-3004-000000001d00,185.199.111.133
5847f778-46c6-68d5-da01-000000000500,185.199.111.133
5847f778-46c6-68d5-da01-000000000500,20.200.245.247
5847f778-4737-68d5-3a02-000000000500,185.199.108.133
5847f778-4737-68d5-3a02-000000000500,20.200.245.247
5847f778-4749-68d5-5102-000000000500,185.199.111.133
5847f778-4749-68d5-5102-000000000500,20.200.245.247
5847f778-474a-68d5-5302-000000000500,185.199.111.133
5847f778-474a-68d5-5302-000000000500,192.168.238.137
5847f778-4751-68d5-6d02-000000000500,185.199.111.133
5847f778-47ea-68d5-b302-000000000500,185.199.111.133
5847f778-4858-68d5-b802-000000000500,185.199.110.133
5847f778-4919-68d5-ba02-000000000500,185.199.111.133
5847f778-491e-68d5-ce02-000000000500,185.199.111.133
5847f778-491f-68d5-d002-000000000500,185.199.111.133
5847f778-4aac-68d5-e802-000000000500,185.199.110.133
5847f778-4aad-68d5-ea02-000000000500,185.199.110.133
5847f778-4aaf-68d5-ec02-000000000500,185.199.110.133
5847f778-4ab0-68d5-ee02-000000000500,185.199.110.133
5847f778-50af-68d5-7f05-000000000500,185.199.108.133
5847f778-50af-68d5-8305-000000000500,185.199.108.133
5847f778-50b1-68d5-8505-000000000500,13.107.246.74
5847f778-50b1-68d5-8505-000000000500,23.205.151.22
5847f778-50b1-68d5-8505-000000000500,23.211.210.7
5847f778-50bf-68d5-a705-000000000500,185.199.110.133
5847f778-50c5-68d5-ab05-000000000500,185.199.110.133
5847f778-50c5-68d5-b105-000000000500,185.199.110.133
5847f778-50c6-68d5-b705-000000000500,185.199.110.133
5847f778-50cd-68d5-c205-000000000500,185.199.111.133
5847f778-50d0-68d5-d405-000000000500,185.199.111.133
5847f778-50d2-68d5-d605-000000000500,185.199.108.133
5847f778-50d9-68d5-e205-000000000500,185.199.110.133
5847f778-50dc-68d5-e705-000000000500,185.199.110.133
5847f778-50de-68d5-e905-000000000500,185.199.110.133
5847f778-50e0-68d5-f005-000000000500,185.199.110.133
5847f778-50ea-68d5-f805-000000000500,185.199.110.133
5847f778-50f7-68d5-0606-000000000500,185.199.110.133
5847f778-50f9-68d5-0806-000000000500,185.199.110.133
7c13b5df-0f29-68d5-4802-000000000300,172.64.149.23
7c13b5df-0f29-68d5-4802-000000000300,185.199.108.133
7c13b5df-0f29-68d5-4802-000000000300,20.200.245.247
e339b6fe-d307-68d4-8211-000000000a00,185.199.108.133
e339b6fe-d307-68d4-9411-000000000a00,40.126.35.129
e339b6fe-d309-68d4-ce11-000000000a00,185.199.108.133
e339b6fe-d3c8-68d4-0013-000000000a00,142.250.76.155
e339b6fe-d3c8-68d4-0013-000000000a00,185.199.110.133
e339b6fe-d3c8-68d4-0013-000000000a00,20.200.245.247
e339b6fe-d3fd-68d4-6c13-000000000a00,239.255.255.250
e339b6fe-d3fd-68d4-6f13-000000000a00,142.250.206.202
e339b6fe-d3fd-68d4-6f13-000000000a00,142.250.207.110
e339b6fe-d3fd-68d4-6f13-000000000a00,142.250.76.132
e339b6fe-d3fd-68d4-6f13-000000000a00,142.250.76.142
e339b6fe-d3fd-68d4-6f13-000000000a00,172.217.161.206
e339b6fe-d3fd-68d4-6f13-000000000a00,192.168.32.2
e339b6fe-d3fd-68d4-6f13-000000000a00,74.125.204.84
e339b6fe-d49c-68d4-1414-000000000a00,185.199.108.133
e339b6fe-d49d-68d4-1c14-000000000a00,185.199.108.133
e339b6fe-d4a3-68d4-9a14-000000000a00,81.7.7.163
e339b6fe-d4a5-68d4-b614-000000000a00,185.199.110.133
e339b6fe-d4a6-68d4-b814-000000000a00,93.93.131.124
e339b6fe-d509-68d4-b615-000000000a00,104.16.62.16
e339b6fe-d582-68d4-b616-000000000a00,185.199.110.133
e339b6fe-d597-68d4-0b17-000000000a00,185.199.108.133
e339b6fe-d59a-68d4-2117-000000000a00,185.199.111.133
e339b6fe-d5e9-68d4-1818-000000000a00,185.199.108.133
e339b6fe-d7da-68d4-3603-000000000b00,13.107.246.74
e339b6fe-d7da-68d4-3603-000000000b00,23.205.119.20
e339b6fe-d7da-68d4-3603-000000000b00,23.221.70.13
e339b6fe-d7dc-68d4-4a03-000000000b00,125.56.218.31
e339b6fe-d7dc-68d4-4a03-000000000b00,20.190.163.18
e339b6fe-d7dc-68d4-4a03-000000000b00,40.126.35.21
e339b6fe-dc7b-68d4-1c0c-000000000b00,185.199.110.133
e339b6fe-dcd1-68d4-540c-000000000b00,104.18.30.170
e339b6fe-de7f-68d4-ca0f-000000000b00,104.198.136.223
e339b6fe-de7f-68d4-f70f-000000000b00,40.126.16.164
e339b6fe-de89-68d4-8910-000000000b00,185.199.111.133
