:START_ID(Summary),:END_ID(Trace)
00555c3b-4506-431f-a482-884717a6f031,7d9e1ab18389f4f75f5662dccb2abd14
0075f3eb-1e21-4bc4-a807-920dd658d986,79aa3cba5ede86046d70eed6a9cace9f
013098e7-57f5-4712-9132-e4884186499c,f4b9b30635ad5fb4ede63039cb2f47d8
0149ed37-3541-4ad8-97da-1c8ba078d4ff,c3f3b58aa7fe9a7286279edd020f6e68
014e6735-f3a7-4d62-a737-1f1783f80a63,a2e1a507c2c069fee4ad69d0426911cf
02371c5a-dedc-4212-92f8-e8f0111aeda4,500e27418abccae84fa6f4d04dd6aeda
024beb57-4653-41db-a157-cf902112aa1d,0b30925c8e876469baba224da3f8a894
0258d3e9-f38b-4065-b844-422fced589c8,133e18dc23455b4f0009a0c1f8797858
0316457c-317d-44a5-a481-351f5b14eafb,ae88bfd81f4a407681d53095ad648db0
032832db-2316-4878-b3f0-a3526ce7bc41,cee8763289c28ba8506e15d2d6c7c584
0338afe0-2ea6-446d-a17b-b9e66ab30b0f,4cea87e7e4160a4b45e6fda6e49a14e1
0351aa09-8f4d-4efb-984f-1c8f58ea4dba,079b2f66194a1119841b3e5948fe222c
03fa0eab-caa5-41b6-a01e-ab3af9633590,77457ecfd88f69809e5ea44655aa440d
040c3896-a511-486b-a848-3ff931e1643c,1ec0ab564e775c5e2d14e793b5c6e762
04230ba0-aaaf-4e64-9a28-3cae274a49fc,500f3d08c0273cd1df85f38191946aaf
04cea79f-7183-459a-9c75-b95d79c3217d,372eb389499685a7377983d09c6df80c
05a931f8-6bcb-4be0-a608-d213e72fa948,1a924232e8fd6a7057f6b8debc72b391
06021749-5142-4e10-afb5-ebced9daee8b,fadceb906a6544cf92748fab26c741fd
06403b01-7e7f-48a1-9e35-270252d39200,c0140fd0fa60ab67241ba981dcfce60f
06bc1cb1-826d-470d-adb0-d66912f956b9,05f703c6917d50ee3fe3871e029a40f9
06f3a00b-28fa-4b27-b112-7c73b6ecf8b3,27076f234d130bcbda8aad6204e282a1
0748290a-ade5-44fa-a239-f16b83cbaa6e,07b9233df6d2cc48fa678bba78e9ead9
078426ae-d937-45c4-ad41-774507b35e76,fb1aa5afadc1afb437734a3918216c45
0824956f-7584-4a9d-b020-608392174ec6,ca1a91015c6d00db4333745fdb197fb4
08479fbe-ae4e-4257-8535-c49af6c62c8a,df04693f719634bc620826e7e35dc508
0a6f9eaf-dd4b-4c73-b136-33814e387f9b,6c5a71079a630f3364f2e377d56583cf
0c3310aa-5a55-4ce3-b3c5-15255dcc1eb3,d36f7680d3ecac2ab18659e6c2e37ca9
0d37893e-f85a-40ca-bc68-b44cc447d582,f05fb92fcc28071737c24540e183ca0a
0e2b9244-4a31-4040-84f2-313c14908a7d,c7694d2ef3cb32e3dd3d70d00a60baef
0e86734d-b57a-4ec2-9616-53bd5a50a305,9e18fdd06ff6485f1030fff846ec346a
1051f908-0518-45bf-8d17-3250a3696467,31fa0e766e2943b37514a5f32f14e7c9
10cf445a-f0d9-42e9-8833-3f0879974e29,57b3f6481839b09599fab50d3f0e804a
10ded1c1-2d3f-4105-b7dd-f11dbebdf7e2,954c0c3334d4aa43e33ebfbdca4e91ef
11268744-b1a3-4241-b103-443235a252aa,e8dd40e58eb60c4e4025f5925f79fd54
12c32e1d-52c0-49c2-b1e5-dd4945116648,a9b9401a28254637b45489219ec339cb
13649319-4459-4ae0-94a1-5673afd14f8d,5305c0dd44dd02b1dd2a672916325d06
13b9b89d-c871-4b8d-9834-1145d21113c5,992afd05e9b4c650659054218cf3820d
15cd8ba6-560c-49aa-9c8a-92f81531e891,649b0506f8e4fe6b832e1668b39ced40
15ec07c8-8fb7-423c-a65a-9c58a75a05cd,fa603587d88294741e229e58bce2fd24
168458f4-d377-4458-b8cc-173bd715dab5,79d2458ebe205ce854b72c7250ac7c27
16e3f0f6-75c7-4fe2-b4dc-811bb4b48c7c,d0dde1188845e7c58a2be372b0268215
1743b7f8-9e0f-419a-9250-4d0ebab17b8a,b006e9fd3b6259e83d8af2fef64bd0e4
1832d90e-1c30-44fc-ae3a-ad527d6fe526,e8462e867414bd2ec1cc791b10f8f53d
1839537a-7464-4056-a33f-a778cf40e7ed,051bc13d5598e84da6b85f5bfe772a9f
18876234-ecb8-40ae-a05a-317c5ba4cf6c,c0720a168cdbe2b63219588b0246b627
1a2c4f33-5e0a-4bd9-96d7-d402791fd313,4f352d6f22eaf245bcb0fa89bf4133c0
1a44d7ab-ba89-4bea-921f-3dede1fac199,c8771c55c194b0b579f3bed35de7ca04
1a4af2d4-ec64-459e-a15e-bb8b07de5231,605dfb408d7946068e77035f969dca65
1cb57d8e-4a25-4e51-a45e-0e5a5d19e2fe,4609f9ebc2be53e82e31ece6cf722703
1d2c04af-ed83-4d72-a6b3-5df3d9bb0b42,ed9cd4666def9460295963b250cd2f14
1d82165f-e87b-4a7d-bc8b-3beae7a56bf4,cb45fff1d99756786eeec4022b3da9de
1ef38e6e-516e-4789-9f5c-6c140546de6a,1fa32c91b745b4bae87790a40d9834dd
1fb56e08-3be7-41bd-b4b3-f9ce212adbf2,da33895f82b767403fb387f0317d37c9
1fefdc00-60fb-4d50-87fc-ec06627f3244,0d6b27d6d2e95f5bd1b1f30c99200043
21721b69-a3cc-4ea9-8fd1-b126713e2191,7a4baa6c82a11629d5bbd4a0927589dd
2190c1f9-26fa-4c3a-b4d0-6edd08ed8f0b,567860befac5bfae43b8d138de94adbc
228f35da-66f9-4a6d-bf93-311b5daf19d9,c42003bde50f8227a217ac4154ba2d31
237694e7-879e-45d6-adc8-335237a84bef,3343232e863aa8730caa7cbcb3760e5e
237dcff5-f95c-4268-a494-726edf85702b,94059b2b6cfc0ccb480f2fa9485fd54d
238d3adf-04ca-4bd6-a416-3df5ee60568b,e94c3bf4c730173e27ab7000becfbbd7
23b8a681-bf05-462d-91c8-ddd1855c0e74,14e20677f1c0fc3d0f36f3d870a3cbc2
242f306d-1abc-4195-b2fa-9e43cbf79dcc,e4b7f9c69709b43a044b506864c80e59
2443ab2c-b636-44f0-bcbb-d59af5f204cc,bad1651b1dcd0bfb52eb8fce8d161794
24863406-bfc7-48dc-b8d3-294ebce64cd9,845a57d7c39baf56cd4a4bcb62bbde0b
24a24fec-eb9e-4081-82ac-13bf2f9e350c,fe0e804eb687c3be76f05ffc2876f17a
251d67e0-23f4-4e76-9407-a1b3378d1d0d,c68cef2c20ba3cc40d3d4cc4c0d532ed
2564a7a6-f6fe-4847-b6e7-e45955ed73dd,47608b3d5ac8c138cf8438c215a56562
25e1b546-9cbb-4902-8d21-05a6558be958,ea35e321d5191728b8ed5b2bb1230557
26003d33-ef65-48ae-acd1-e0f7bff56e6b,35703110e29111a6bba98b35000ad4c9
268f184f-b4f3-4dcc-b581-6adc39835a4d,dfe741db854f4372a2eaace6afa13b81
26e3c9d6-a979-4c52-84d6-296ae3e7c415,c75020456d18b75690ac6b19f4641634
26e621f7-38d6-498c-9cf0-9a7913470b6b,6627aa86dcd54314ae55ef4b8db2099a
2707434f-ae46-4f36-8b61-80f283a45ab6,c9226647eb780e4e23328a9fd36096d5
27765518-dea6-4a51-9fef-4008c60ee27e,b1ad2012a87a16ebf03737e240ed9867
27f8acd1-eb0e-434c-a31d-59fc3143cff7,52c1800a9d9e07d522cf75cec31ec6eb
28db888e-01a0-4e7c-ae27-0abf99c876ed,51f539e2284873683669186ff07fb432
2981b7a5-e21b-4019-9c97-2845878ba5e4,3599a70caf3baeded44c1ce5fb4ad94a
2989c3b1-57ae-4d67-bfbc-60db02d2c17a,40861c10e665e2b847bc6e9170e86be7
2c70d653-41b7-4a01-9b2f-0341f6db0f0e,9aa0f7265006b27834f5b0ff26b760b2
2ce837f7-6d4d-4511-aed9-05686dadd03e,24a6ef3afd5861b18ab731fe64c98fd8
2cfab141-40d6-42e7-8bc6-e987db80c920,15e21f493f3d81a035577c65a981c092
2d9bc6d4-320b-463a-a298-cdae744a44fa,8c8d722837694a2cb1f3629cd94a74b2
2e5d4332-24ab-424a-891d-2165a8f54854,b94dfc55e2fb1348962df8c3aab07a2f
2e60e991-503a-4dd1-b166-0c73c17646b3,74b3cfc6dfb8850af48ab3c48c5ad6e7
2f4e9c81-ef65-4956-9197-ec1afdb1d3a0,042f2d1295e9bbd05a70667700a96bf3
2ff09229-2012-4ab5-8dcc-94841b1279c0,ba5c08e55f8f33b62dfef914d29fc145
300a930a-fee0-48a2-9bcc-01ccd4033cac,349a4e9c889e6b98e98abdab3c863a4a
30527ea7-017c-496e-ada6-3a01c1021b32,b0728cfc4e35d6fc96fd37dd4da19f5b
30e93277-9b8e-4a46-a82a-9bb561344f10,c5037b592ce991ef63ee5ff8bea6fb7a
30ffb489-1921-4a21-84e9-880f53d13cee,5c8abefb046a19382a74242c18a8ca13
31f4c4a7-fa46-4326-9e00-704465232055,62465d36e0fd6efd2862a1fee9be9d8a
3247dcdd-516c-4545-ae95-d4d95b3cfc79,783c365fe55ddca47c9234163c1aa940
3372ae3b-706a-4ed7-89bd-df90669822b8,8ab342814eebb9050d3f3520a94afd53
33bf63ed-3b31-4911-98a0-dd52b4008403,94fc07ab9ea3d4affca65678426d57a8
340e13d8-2a64-4c0f-9f71-d5f588e0b0dc,2e1b3cc6129bfee201778b63d07b8470
369cfe85-6640-40f3-b3c8-015aa56a0870,47bc868412ddbc64c1bf1ecf123b8b62
36e0cef8-f128-4a18-b99d-e57417dec9f0,2f7f6982c6c15f4a02677387ff71d170
382cdfc2-6bc0-4817-ae83-b13de2d449f7,a3723645b86ba22d43cb62009204362b
388f0d4c-e441-4413-b6d3-7785011a5ac9,f089e15d4b7692131bb795b07a6dc06b
3901b5a5-af84-4dee-8c6e-f586b12297de,2581bcc7721beee62ee812be564ed701
39a782ee-34a9-4e6f-864f-1eebd7691b9f,5886b881e1d8f9e3d25626b465184996
39ca0ecc-e1d3-4491-955a-8d9b906ad7e5,9273fb59065ad39b4106b62527332d54
3a06afe5-41b3-4e7b-a4fa-82322ed712f1,c177c8435c5513d4a49f1de19b6ee685
3a5c402f-c060-4829-ab47-2a8eefcbe25d,5a161ac93e13987160d1c39c4619b0cf
3aea1692-9b21-4a4c-9230-696b21f3824e,c7414c0045c3cc9e66ca092ceeef1588
3b360091-a246-4f86-b8fa-3df081e8c135,2fe4c06117245856149dc1a34409ec7a
3c5ac4e4-9252-4cfd-ae17-4a1d7dc4830a,65070708f4b6dfbd3127b3c1ab5d1604
3cd0c681-9dd3-4139-b597-6998a90fd242,0785a1e2287ec3fb47b23b55e67f8695
3cda3e77-a7b6-46a5-ae00-77b86b9b3d59,b101c6cca0439f6d38d688e3473868eb
3ce8ed95-b0cf-4a93-9758-7aac633c35f9,de03f490634001da12b31fab7718e045
3dc685c4-44a3-4228-81fb-4d1d9f198487,494e98e5600dd5d3d7c1292d520b1144
3dfd88b6-8c27-4077-ae1f-9d7198e3325c,9e5b13c86c486e73699fd1630487e1ce
3e50088b-d7f8-41a8-97e7-a3ccd954ba39,2513a303f82af76d74eb0cf95261857e
3eb06505-9585-41dc-9ac8-3ab28c6bed19,7a2690f8523ec76fd6aa4c9692cace99
3ee31626-164a-4b58-b319-18d44823a960,abe6102af8e217a73a84af72416665b1
3f3b8b6d-8540-41e7-ac25-dd30425d8adf,89ba7f535f40a20a8d7f20043144cf34
3f6803e2-948a-4b46-92ec-8764a1017c61,2a36d8d409477250b23ffd5142d146ae
3ff203c5-c307-4d4d-9679-5095d8054f18,33a13e210a9e41839b66c696a7fd8b0e
4019717d-1df4-4158-8e02-959ba16bcd6d,0b340e97d912ab87422283cae087eaca
409b8026-406f-4c3f-b23b-f37b2df7aeb3,b5d9e2083eb8374305334d9ec2f40728
40eb2902-b14a-44c7-8e65-b93decf8e3ed,61a26c4aeaee48a6b4594c5d92c869b9
40f6385d-ed4f-4b30-b1b0-6414c59ba0be,48727b0703e2ac3c52d806e3cb17960f
4134a561-d581-4e3b-8008-5dab91daa2c3,9f3df2067f9126638ded51e1f5b11f00
413a00e9-7561-48fc-8344-af1b35d4fa7f,6e80fa0fdde305fd17c7c2596a537d4e
41431e36-93fe-4430-95dc-e64762e83434,5183f8d5a9b70e357a48a33a34f6a6eb
41df3d27-2399-48ad-abdd-a009ac074157,f50bbaa6b2c243244a1a2dc8e47b9ec0
4233054e-3a3f-4bda-a656-736ee03c6ac5,3312b7509722d7e7fa99ab2fe2f60a68
42b725f1-91dc-46a9-a22c-f1ecbf637183,6229376bfb43d5cc0eec18c63d772734
43cb37fa-a7c5-4094-8cfd-9edb0e7709e0,cdfae09636bee560915da38d3b5c2971
46a028f5-6f4a-4f0b-91a4-6328ff7ab4fc,02f9397ec5a5aea107b763d3cf68f17c
47090408-08e0-4a6d-a01b-57e9ce452d62,b00e60dd1847fe19ce22b6468734ab5a
491a6e40-e8a0-4372-8717-10431f5d9f2e,f64b184e49174fbdc76f542a83949f56
496760ac-f93a-4ac1-b97f-0dd7ece1a500,221aef04dcbdf7ef7cf7afa39f1df83c
4a24de29-d8a0-4de6-99a5-314e092610b2,b81a8677d583d682ae6016186452cf93
4a48ba1d-d802-484e-8836-65a6c5f6ff51,09642fc2ecb50bd2d540e58cc596514d
4b9d3bf0-b327-4a9d-8c9b-27fce68db5e0,3f4601f7ffde67ca7425b440a91171b9
4c43b66e-9f28-4f34-8842-746575fa9e7f,d604d5933014ed5de0218934328da08b
4c6640b1-5771-4ec0-95d4-e2f13b8508dd,4b8c387a5cfb992f6ac6eb53f0111c3a
4c935023-d5f1-4914-bca8-576ada59abd5,2ca1d75c5c5936fa295225e42cdae23d
4e07cef4-605f-41e1-9e9e-58129963fa51,7d3032f894f4678346d7f4cbe13aad11
4edc4492-deaf-4a75-a251-31161cdc690e,595b2d0ed30f6fdc881600f348302113
4fb4d24c-3819-48be-847d-3b187097e391,5e095c6507d445c0119d80003cf09537
4ffef31e-4e9b-4a22-9742-27fc4b3e13f5,43fd4e176e3a44fb5a5dcb6b2b0c3836
503823a5-1d4a-43a2-b700-ec51eb272960,6420bb8769ff6aaa67951297a308d6e6
5176c2ce-cb70-4b66-ac38-8ae1bf312a41,e93da12300d7c35cdcb7a29d96c5f064
51ca829c-4a12-4824-a08f-e65801e9003e,4377e2467074ff1e9374b6126a8c7640
521f339f-a878-42ad-898c-4950a77ca213,ab398a6128c20600c5ce6ac2df76636d
525dd26e-2fb8-49ff-ab33-fa3570128ba8,d34ad8dcb09ad0614f4e11f1f5fd3331
5292f6a7-2fe0-40c7-8061-e95960a38817,449c4813496a722d5b8a5d5cc3bc065f
52ca6dd0-2f98-41d8-b376-d4af64bfba90,ded5e26cee21fdd0e8d52c69993eec13
530b484f-35a7-4308-8569-597f88e5129c,3d5d0a386495afbe024537eb80edca45
53604710-e2ac-490d-b2bf-712874933bbe,f0b51d16285214f257a93a355179b43b
53b8d634-0e20-4c59-abae-7e6fa236f9fa,10858a0eceb73c32001c81da0900238e
53b8dc57-94f7-42bc-a872-af8364639791,780898e147d55fc30b062ed4197c55d4
547da484-0119-4f64-a216-fde698a28a50,6775e90c50eaff6b446026b4b56d53e9
54a161e9-ba1f-4d21-b2b5-b265fae6118c,6210dead77a3b67fcf444a6250321aab
55112def-bb3a-45de-ba82-556fee8a3111,525cc7d19b0203a52e17c79c568b3808
55483903-fd1b-4ad9-a2d7-edf26952a077,f684fae5e8f6140bed390b2bd82cde8c
55943d2b-9bbc-4467-8fb1-077638cacdcb,74671ad05b290c93c7a28083d2bc4112
55975465-4473-422e-bb99-e7127fcd5a14,8e8ab8d27b966720dc74762561fa047a
55be3d86-bea9-4c7b-b271-9d27a935a3d4,c3f4e87ac56a05c0ac7470eea826a54c
564315c5-3efa-48df-8d7e-005e8a60d394,6d685c1211407b82a557aa096aec5d12
56c368d7-75d3-4e98-b6f8-2206d8359890,f2d6a22c2d623fb50cfc06d47558636f
5728b23e-4a66-4f6e-bfc2-05f7c8477a3a,6a7e752d6fd59791b6b416dd6645c4be
586d5d5d-68c9-4b07-8642-31e70c6fc467,187502941dfcfbadb955279bbf37c752
58ed4284-b563-4621-acac-5e05d6b0cc6a,7a44e8669ce93c6543edd80f27957fdf
59b4a9a2-eb67-4797-9c77-738bcb5ae416,01b27730b8fcb3d4f862a883fd032008
5a87f490-57bc-4c59-876c-2f503e99b2b4,87b525fb417f40b1c75678810bde13c7
5aa60d86-b93f-47d7-9929-977c371adf7c,253e80055d8b45ac1c82a129fcd43a15
5b8d39e6-71e7-4f45-8a23-bd5bc6947d02,f850f2f909eba7553a4d236c3a2a6571
5ba8713e-046d-4745-b4ec-b6743468df68,3f4543a4c0ebf14ec9eb40ad9bab032d
5c6d7343-a4a7-4173-ab10-a1d754bf276d,4b37cfc8be6ce8ef9c5ffa9c7dcd8575
5d418209-ab62-4bd7-811b-f6243702e6a1,a2683ea3263ada8eb1cc36f03e919314
5ecbfc05-0119-4de6-b101-1d804e0a3b79,5f4994d2a98abf0207f95845d64cfd91
5f1b1d0b-1483-4c6d-8c99-0a0532d3d546,3239cb0f87625068701816f0c44b3d30
5f8baac8-c69d-4a99-8006-001855602258,8ef6078015effa429f200ae4bc748ff9
60a97892-5e78-478e-9d50-2f531c6b9e8b,5435268029b1cba80553a74b979a5876
63470136-1155-43d4-aeb1-873a533610fc,00ffce66cd8c4470ea2f614e8a2834b6
64016a0d-0e97-4b40-8cb8-ab3a9e9edc38,99645cd7cd050aca60d773c85b9f0cac
643ddc36-2e78-4c24-9ffa-8b0ebaddbda3,274877949b8c3a8cf46e0d31f1ad5e97
64bf7a36-b472-4a23-a911-0d26ed224299,5c8bcf82a70414393249648bed77b997
64e7d6d7-27fe-4fed-86c8-9a51b6b96979,ab1a9cf18eaf7aad0ac26a01a23e73ab
64e8bcb4-6d6e-4baf-894d-eac43e6d42db,aa6a7683434f94f1c8d3637eba590b7c
65657a85-5f17-4c51-80ea-27631aa47a03,5e5940b03be76ae94db7b219f991b657
663fe8c5-890e-4c77-8ae3-c0d95a749620,a5d0773c6bf27829d6ea7c6ba74169a7
668e253f-572e-4448-9791-a5800b32053c,fec1e70c5b643845bb218c321ce19c0f
6690e280-b055-4b47-ba87-5640aab40e78,69f9774663672826d7cbf2acf6d9d5cb
66f3df42-664e-4ce2-b383-f66a8843bd74,b56ac50c7a02865242a276f202690c23
66fd6fdb-24c9-4f7b-81b7-1bfd8c39a83a,903d663881efa9eeee11a63dac9c6d92
67951a96-f02d-47da-8671-ccb841a1d9c8,55a87b355972b7cc38a802439edd93fd
67d57542-2bdf-4716-8a7c-4ef7a4941b84,1c0747bfcc190c9ff2441137f767f121
680ee775-7bc0-4a79-adef-4aadf2a8b5bd,b98167feeb896949a518bfdf76fbb888
6827833c-7e50-4a58-8204-42e8dbb8d9ba,24ad37d79279da0f2160717e3d8d2e75
6861efc8-f53e-4a32-a6a5-7b5b286b2d24,6e3181bb9e71f805fafc54db564e1865
68f73260-6546-4391-90cc-28180d4b4633,81039916e4b52feb10951306344f9e21
692de453-8bc2-43dd-891d-434b6453c365,73b8339b093d3a9a5508461df6c14b1e
69ecc36c-205a-465d-adfb-bc4ad95a857d,c509b8a786a0ef2a908719fc6512753d
6a17adb6-0111-48b6-8cae-2a56c1e2bd2d,68db1fb1ab01221b732c0d7777b67924
6a868ee7-d1e5-4bab-9569-59331752a2b3,867c0d6d02c5898a98bd044b0771b658
6af5418f-8a47-4c1d-80c5-29a042aea1fa,a289b23e6e08595b6056c646b0646ab9
6b33ebb4-517a-4c0e-9a0f-5e3eb08f63a2,f20f40436bedf8f51513701df28425e2
6bfa46f3-3839-4fa4-b7dc-02a622445765,5865b8280e088ca29102e25b154fe57c
6c085a0e-1cf1-4eb0-b41a-9bd6b138fd49,e354891cee9029500c26b75fce594ee2
6c527ecd-8855-413e-a953-31790f93539a,5478e137d6cd98d1b62528fe01355d57
6cca143b-9855-43b1-9937-48a8ed60d0f2,8b88b4f85ba6c6b82d3c5e44af4ffa57
6d40322e-d356-49d8-a684-7df8accef480,c45cb025b5c5ca2c2db870b2667171c1
6d4d87a3-96ff-4c04-8fbc-0cc85816222b,60719bfd5ed004bf207bb7d9a0db4c46
6ec5f54b-85be-4ef2-8c1a-90456df02eae,8e8c214f97dcd55d9aee43d04fcd4392
6fa471c1-651e-41cf-8119-302e1a0240fd,b7e77fb15738726a7d8dbb1e2c735fd1
705c38bd-8796-4d7a-9242-7105b212632a,17365259544ab6d308cf41f33a8ef5a0
72856ff6-a965-48f8-a9bd-c8c5d9da840d,330bc03f615198cbdaba6e8707e5b3d3
744485a5-49fe-4559-9ffe-9424ebf78142,d31a33ba38b11f65718819d95383128d
74767b12-64d1-4ee6-8184-6c9dc2e1dd61,1c2e21d0de5c1b2e51e66cb86b29de0e
747b4414-5506-400f-9909-db385ec8f49f,36e007dfa678f1f45428de5bdbad6332
757e860e-77bd-4926-afde-70878ce98dba,6aee1f5195ab11c84f6bbdff5011b026
75f4c264-e63b-4d5b-bf9f-a5f8b71ecf54,bd85f504c63d7240e9d505d259423e4b
76079e5d-ff62-41c0-886f-300669ca9eb6,42a816a04d540ad700279b5368a6aa05
761194f6-5d77-4bf0-9d32-266666dd4a70,befd87dc8115eeb33351632fc30a58b9
7720f9b9-987f-4e6d-b1a6-c494f4a271f2,b5e5517dddcbdc4b2f78b2505e680d56
77779f5d-9491-4c28-881c-bf6ee31703c8,c62c6b0e4dc2b9d3293f4adae549a1de
78136eb2-2e30-40f3-aac6-f2871aca1c02,aff4309a22b610528205e3dd5b840373
7825e0dd-5a2c-44ff-8ce7-d9942aee772c,21cd85d7ee334ca233a0b2376f8126a3
78390e43-0249-4333-9076-64b5f2b2bffa,cf6b3234267ef3fe31970498149dfc3e
78d38f5c-9e2f-492d-a360-4b46d7833db0,73e982dc496667eb2a47893d0eadd729
79268429-f761-4871-96ab-eedc6a7e4a9f,fde5ffd13a052a15765cc810f6935736
799f52fc-161b-4be6-a2cf-75e988c07a74,ac753e8ec10778f3bd333c00708b5202
79cd6450-bb6a-4fb4-8145-6eb41324e52f,f307d79d661561faf7c3ccce0f496d73
7a16ec7b-268d-4445-9e27-18cbf1f6b304,56aadc59d4d577e81c8140bf29e3cd8c
7a4451af-7e89-47d2-bc96-918cee19637a,fc0d9124e6e60ef56e70f85432d07034
7a5a139e-549c-4a1d-941c-42fdd2a0d932,9154bd560bd2324d02358f24897c56e7
7afd0750-3559-419b-ac12-29cbfcc96331,d31590fe151a7adf7f8ecf56bf86ef8b
7afd5c26-ed09-4047-bb07-2a3531764a23,30aba790fcbb51c90392234a5f686acef
7c309622-2e25-4d14-b3ff-eccde804cab1,cd67e5cbb56ac826bc6571c2564d86ff
7cc1b09c-251a-41f0-ad6e-76aba84fdd27,57694bcdf0fefdb5f303c84d2f7fb2fe
7ce11948-8c5c-4934-83c9-799cda4e2cff,3fe9203d057e100895d3851bd8204f87
7d1b9236-db44-4db6-8e74-824272855096,2775166b794211f8372b055ecdc21e85
7dc21759-89bd-46c3-9bde-503a6dfde33d,dbe93028a248710c63a27a448b7d773d
7ddf923b-ccf1-4ba3-b5d2-d501ba953cc5,7f5f74eba5628f67bdaa35597c0d57f5
7e20095e-d9bd-47b9-9c80-86b24ecefb52,013290fb9de1a451d0b6ec0be0738f16
7e42f254-503f-422a-9995-c8a8c8752f8e,43bda29fb27f63dae74e8f693ca904da
7f32599f-df92-400a-90c1-1364ddc9517f,c2cf81e913a80a9afae296465b5b8589
7fc04c63-30af-4b86-8007-286a1d858c70,138e15e4b583948061149e935bd85929
7fdff338-4982-4698-b03f-7865f38f440b,857514b39b26c6650adf74bcdb04fb0d
80958758-68bd-4310-948e-b6972c6b8baa,039cf4bae59e5aacae29a56a0dd1d0de
80d20dc4-e33e-4cce-a1a3-9fb94ae138b4,2ca76c9c86c0c37a6489615c289dc618
828022ce-eaa3-42b0-9159-803853ca4cf4,65cd3b6d287c7fee64d8554a52b9e742
831d8d6e-c325-49dc-bb82-78c8dc0b95d7,32f9ed11c90ba302cec716b791d8ed69
833b8458-caf3-45bf-b48c-dd23cdb7583e,eacf17910541b5f8e1bfcc70a94e994a
83793914-6286-4a97-b0c4-92564799c26b,0c19072a66a94fe548636d7b50a06bef
84ac08e7-79e4-4737-9d25-6b3c5e9ad294,7b654f1ccc3e2bf21582f72679fbe171
85d9dd80-f3e6-4d67-b7ef-d10a4f3e70bb,1583114303b71635de145c8ed2ca4bda
864e7a8d-bc09-4934-9ebc-3c0e93ccb1af,6ea016ee3ea44117eaea9aed1f0c90da
86dd4f95-95c4-4138-975b-cb9c8291b7da,f9d041a8f8ef1b1e36936535f9ed7aff
873b6e1a-b879-4210-9bc2-fa308b3708e6,e6cada612c2a9645bf7de2c99a9516b6
87426aa0-ca33-49b2-b73a-fcc5855aca9c,c4552f818a8d3ad4b3c166170c5ebb82
877a976d-0ba2-43cd-a304-a49991dd9087,f63547deb0df6579394116f998710798
87d3e093-f5f1-49dd-9544-0a294a7c8075,a847c3622c9d3aa75657a4b82b3806c5
880fe810-9ef9-400d-839c-006ce4ca4949,a784d35167d29a996906992aee5e8150
882fcd83-7495-489f-8ea8-6483418a4a88,4f0e8bcbdea5c1a5ad7ab8896864b39c
88b06e2e-1a90-46e1-8a0f-277be9ad2b8e,7c3b2d0650f7295561429b416b75253f
88ed14cd-cda4-45ef-891b-c54e3bc58b82,003779e12b318f9fc4c085fe437fdc0f
898d811f-384b-4fc5-8a1e-c2ce2174c6da,c391671708cab25ac6cd17047be9c1c7
8a867203-64d3-46fc-9a53-92be6cd9fed8,7ceba8227b678798d4cd2177184d8de2
8aa4b506-8ecb-47f7-b564-bddabc4be895,220218be3cc7673e8a6c50bcf61eab33
8ad01e2d-c90e-413e-aa06-a53301714b4d,bb341498fc38f403ee6f415956ca4822
8b010513-86d1-48a2-8d57-abbb0b87c143,3f78e2cf2cd68a8b203e9758a2ebc6b1
8c1a066d-f898-4e8d-9c81-89e378cd9f70,844ba285ba51902bf128adcd47279305
8c1ad2ec-8a29-4c82-a654-e3b9510af17b,8f9237883882c3427b684c9625ff284a
8c7caadc-4607-41c6-a262-f88d4d4328f6,0a014c72182425bcbc6831e0815dc80d
8d138cb2-a399-4719-aa20-f04d42a35beb,c7e48e07ed19c7ea348b964c20c838a8
8d1502e2-cd22-452c-8d8d-e8a46a51d1a7,e709c2d5444cf1937bd62afe36fd7d4e
8d9cc81d-f00e-4196-b843-656fd7ee63f0,f0ee8504c053ccbba26d6dd9948a696e
8da3a1d0-2e11-41f3-848c-57bfb9263c42,6f76450bbbc1426458199f7dc9a65b6e
8dd6945b-3bfe-4bc4-9401-01d044f9ccba,8c3306fd164ab782215abbf396bcc048
8de43a30-d28a-48dd-9367-d15edf864b9f,6cdd8c0e285e290c94e89954f79cdc4e
8df55f5d-ee81-4725-8ad3-4d606718f5e5,f71fdc853d7c4b28dbeffa665b93bbc7
8f2ee0cc-d7df-4a3b-a5f1-4b25b3714fe4,6ce02f038d53bcf0de45b0d64d124f98
8fc216bf-b938-4aee-851e-419477161667,093fd17516159fd496ed692ecc0be19e
8fd0191e-be60-4570-9551-2f55775a2f94,34b13b7e8e06657b799e25ab41a08755
905b8d5a-e20f-4d83-a657-d577b5f67559,6ed4b36464bcb7e482a00d2560830160
909b3fd0-a98f-4a20-adfe-bb4e085c52b1,7871e168e00800ec48f19ab4e5c29a7b
90d1f791-37c0-401c-9329-e25d775c70d5,eb43a9a544ebb142e1ef0c054221c9f4
9131c410-108a-48eb-8220-4116188d96ce,3da6c8c37b26f90452e0e869c6460d35
917b1733-1bf3-4df2-a50c-52df7772fbc8,0d7e0a23fef8d8c3d4ee727eb4488263
91892fa9-121a-448f-ab01-460d1bb01d3a,54db64b28b101e1d7624885f08fb737b
9266c99b-ece0-467c-a93e-1401a5b2f942,0dcd23465fe1657797d8fa513ef2241c
92c5e563-8fef-4de9-9da2-572d28e3d0c7,424b504f4b8bff84aa16130436424f8c
93972c5f-7aec-4fa2-be01-ae7286062bf2,7cc623966415a28373b13adb3e42f5b5
94e3d400-75bd-4540-8202-fa012608596f,7044fe6edd95edee00ac4db723d075ff
951fee0f-6b97-4aed-ad96-730e4b683c24,7fca973d0bdee410b84f381498d6c654
9752ffa5-5d75-4a32-9106-db65083505c7,93124a91283f6bb595fd37def66f9274
975bec3a-003d-413e-bedf-87337ee173f9,714262db3fb82240dd01e8f75e23179c
9785296b-e097-4a28-8502-cf255ecd7b45,bef2ce9ed2518d1c80765490a16f376d
9820025f-6006-44c7-b548-77e93158b479,969f098eab91903d3bc6d0e2c70077aa
98594a47-f4c5-4d14-8959-e9a8a88bf6fe,d284078454aad40f73e312de24687e84
994945f4-6998-4a5e-8e54-1656b695dbca,d6922d4e1d3b5c58e6c38d26a4529895
9ac9d475-760a-4187-8b7a-fd4d0b505c88,23d7725cef7352bc5652ad8d3d5713e6
9add0e5c-29b3-4823-af9a-e6fad978be87,a14a783f6318a2c461ca3b78ce58dd58
9c27bd9f-1bbc-4fa0-97c5-dc1119f1ac88,187111052c367c3653cc840249b643f8
9cec7180-3e62-4d77-93d4-f292b5d38525,c2627e8abbed2c9a450036f04d5a1d73
9cfd7c85-fdb0-4f05-b287-080780632bf6,953f7aa2860bf741fa65b9dab0ceae8c
9d631e0f-a065-4c73-9748-6aa6ceaffac8,94895098a8b57e7eee7f59c428696e5d
9e6dc3b1-ffcf-4cbd-847c-33497264c622,d43da3ba69042a4debad3afbd7a0e707
9f744bde-822c-400e-bd94-f5838eb6206b,ae678a8fca2804305c9094c5fe4cdcaa
9fed57df-da7d-43dd-801e-8b115b61e58f,2c8f4dcb78005a2fcd7d52fd7c7f422c
a05529d0-02c0-42d0-9a87-7d05cd10d6e3,7a9374291b3c23c6dfdbfdecf886e566
a1547d1e-c133-41b6-9d38-93fc0dd7c6fc,0778f71a350314760ba51ff380f24e9e
a18be9e2-2b20-400b-af14-5f864d32b9b9,38e082b33da9a4ee78a0e6ff28af6919
a1952d80-f208-4c3f-b60f-ff389bceff68,ff4b1e01326e85f5ffd96b39d8680f44
a2123562-b832-4138-89b3-cbdba7416086,a061d155baf374060e53e962c2255240
a255b679-9a52-4d18-8c36-038854971b8c,b56a95693531c3225de0689a6f1b0d3a
a2faa0d8-1d60-405b-bad7-f2567ef6152a,e18a82fdccdca31e5a2c777cee6aee9d
a33f721c-da83-447c-a395-9e293124ebfa,eeac12e72bbcceb56b69fff782aa3a13
a377f72e-1dbd-4515-9c29-862f3083d9f2,3d29a4624e97418ee796d9a4366a920f
a3cb6cd1-d759-4849-b338-5ac5b5437184,c5346924ec250eadd20b49aaee2bfe25
a3ff31b9-84a6-4e27-bbf8-27c1795927a3,16bf3ec2651c639adcdbf64142f681ea
a4a2ca9a-e4b3-4d0c-b4a2-3f76f0949c46,c8e827a0392393f15ec5accfa3de728a
a4cfa9d2-6b7e-42c0-a8f8-f62a1436b66a,b0cecc91fb4faa9d71e0bf59d69f19ee
a4f245df-4b4a-49fb-a69f-de603138abad,c990317fe31a634f651610601679863d
a51b972a-5645-463b-ac37-89a972afb638,407f33b672cd0587128dcf8e775d9779
a6a20e5e-8541-468e-83eb-ccd26412f065,08cf233d4b4dcfcf3cea2772fba52d85
a79e7be6-768f-4e03-96b6-98a0ac75219b,7e7d6f70654aa0a78dc228eba7d214df
a84ee9c9-22e1-4b64-a716-21808e2d45e3,c45813b78e464e4c3be9911e0a14c1bb
a8e8d965-ecbc-44bb-9652-9c444b7a7516,8cc66ec36eab802e24fd1f886758bf59
aa5949ab-4ec2-40aa-a286-91c1c92ec365,75017f5dd026c49919385141aa2ae60d
aac353ed-3dcd-4291-a759-429cd7143254,ff06abf42252d388a9a34bb19e44a459
ab8c2c38-f5b5-4f03-89a1-77b28d47743c,2f9d6f606318b27bae45a40215d4e5af
ac79a6dd-e125-48ed-85e0-6c620925124d,00d164704b354a220aecf39d30c8d9cc
aca252ea-eb3a-42fe-a19f-2aa7c5687e6f,a3fc19a5d66d8eba1ead7c2957aca7c4
ad1f9aeb-911f-4192-82a2-ee5ac0ae13e1,dd3e5a7583d02ef4b8a5ca15df590915
ad353e1f-af47-4d94-9b77-5d7722aef0d3,0b4151e124cd74e3b76ca5827d473343
ad9bed2a-31f6-4312-b2de-06758681ae93,aa1ed70df07b483b323e55bc9b10edfc
ad9d7cbb-4da4-4006-9014-fddae24a0927,5138597ca874647c1746464f3793c681
ad9f98da-c60d-495f-895d-bfb314f15ea1,1e2dcb24c615e3efd9b31ba678ce3c8b
adaf52fc-ba35-496c-a6c9-de27eed7cf7a,3525fd9432983f6bd3088e8a540b8686
adf3106d-a81a-4d09-b2aa-681c4383eaec,87d091e85b574242c407e1b162f0965e
ae395718-96fb-420d-b6f0-5936bcc12e5e,8c8a92eadf96797a96a2bf983d31751d
ae796c25-2030-4f6d-a34a-8ee75b6c66fe,b4ec15bae92ab6bdaeb35cb9a34735c4
ae7ed066-0111-4fda-ae9d-4ea34c887e3f,1ccb043749393cf7cfb48420e94651ab
af1f67d2-bd58-46a2-b822-092eabdbc0cc,2583ef39bfbf88069c0d496e07ecbbd3
affc1aac-f90d-40ea-a21b-3e54e6135218,9ab67becf91ec64414a7aaddc0c08cfc
b05837bd-50d9-4fa9-9c51-31d80d95cd21,3ac44f72aab957112bf17ada7201a87a
b0ed32e9-c388-4321-b5b4-e133974334ac,80626727b57e9a869233fbe058cbb797
b0f2a03b-2d47-4988-bd02-e03062c04566,c319e3d7d55da76c6a09a039f2291015
b223ca49-e58d-45b3-949e-59ef5f01094d,8a891237704a5e2d18403d4798caa5da
b24af462-1134-469a-9b8b-50abbe757ca1,bc8f9502919badb9a3ef4676a716e7c8
b2622d3f-3144-4246-915d-e2ac15ad90f1,82414521f84ac451ed68513e6f17fc4e
b2bd7a18-0976-4d92-a2b1-d1243deb1ad5,828f1508b2bee62bd2325cfd19b4fb70
b2d3815c-7144-408c-ba4d-513ba80471af,ea12da00536e43864d3dc3d256671362
b3263f35-9a03-42c5-b7d2-287c7016bd7d,22cb5eb6dbc97c2845f95d8601bf1eb2
b327ae99-880c-4b34-84e4-d3891d37d9a0,7d971f141e26648ca1d9479d59d343f5
b3ab6ab5-8f57-481b-849a-c33ea3154a67,ad76aa39f54fd88ad8aa15128baa0969
b44a79ff-1487-48e0-bfde-c40b2de5ab28,960d3439b21da4d2ebf63ad4dd2bb900
b754851c-3d50-4db4-9462-191bdb9a6ad7,4ba06107d6518e485b84ca77c442137e
b797e4f4-2ab2-4cc1-a2c9-6b01606bc17e,3b6fad470fb5a7e1747d9828e99b1f9d
b8220fc4-ecfa-4737-82ee-1ceb3a016848,80ff1c6ab2643adf92ae7df55caed7ef
b9058c7d-4e93-4fe2-8b90-c4fb2e31e801,977291db1909e451bc5af3ddc491ce81
b961f9dc-2d3b-4342-996c-2a6a61e1dd9a,af9383c4aa8b7429b326ffd15d8fef1d
ba0a6e77-4fa3-473e-ab39-32dabb281506,567d83911d6ae0ebab5f6a094074b906
ba2f4609-51d1-435d-8a08-c6d826023748,862e5b965c9448ed3bfd49ee1985bd18
ba7c0985-57e4-48b9-a2c8-35e9822e46e5,d3455b36c78bb5f86b46b2697d31b9d1
baac9e5e-c68d-4aea-9a61-5bffa14dc820,eff8ad5b6dc8c2468a209ec87073a950
bacf3f95-d1bd-475c-b931-1bcea27ed134,aed54bf8e4455be60f462220410544f5
bc924c10-44b6-4cdb-a57f-495fa4fc07f6,4906f8490f88b8db2e9b316e5c5df67e
bda00053-80d8-471b-b888-d6c4e7b0c5b6,6ada39885b311a2f849d83fc8f5e81fb
c0208839-3d3c-41c7-bbc8-192bae51a795,6406c69887da6cc7b366859f370678bf
c0812486-377a-413e-a6c3-fa5725cc29b2,82c70c3966c5d2cd99fb0da8cbe5395f
c09bb567-ff86-458c-86d1-d2ee2e706faf,602becf5162ec264e16ca607e6e728c9
c1ba74ed-da0f-4484-b0a5-c0ce35103a53,b910e68fc64b3206b28b994ff0761265
c1d4de93-f2c3-4d7a-903d-5725961a263c,58dbc31a4a6d2055673d4349a95dbc4b
c1f4d9fa-2cb5-4049-baba-95205461fe45,72f9522e58d7f2e17e1d9edf2b51742c
c2ee08b5-5859-4ef4-870e-8eb8c4c17907,a0d22d7410f805bbdd4992479294150d
c2ffbf46-9a97-49e6-803c-41dfb1ea71a2,47b7b49febad35393e82d69ec7eae544
c313cbf0-2ab3-4a1e-a31f-094eed05d788,2072a261c49df6559d26d5bce04068a9
c3666e0c-6745-4e43-96e7-cb3cf15c8998,9ef9eec5cef98540adb25abec8c0b9f7
c36f0e58-9bd7-4826-9b45-8037bd978862,bea64792fe3b294d228d9a50a5b3231a
c3c5aaa9-d7f4-4ceb-8cce-2e68972205eb,ab9b0d5a28b3f6fcf3066e92b4baa833
c41e1ebd-f0e4-4ecf-835b-02b525d084dd,e01a8014e08fb07d6441b617ad1daa8e
c4416d0a-614f-46b1-97af-dd4eaf81ac4c,219027da1f550ca6522f6ee4a2dbea8c
c465f50c-32b5-48ec-9612-d43b543f5f4b,d17dbdb510a41c0a11c8eb3861f06025
c4c8a302-57d3-45a0-ad24-1b08d93e7550,c0d774afe97d5224da549e646523e8eb
c55a0913-ac2b-44cf-a942-0502091c1404,dc82fcbc777578c26e7bb8d36cf9e296
c5b6cca4-827e-40d3-bff5-d4de96c9a6b1,58254c5334037fde35f00326e7113452
c6358b40-902b-4b7f-ba21-52c5790fe033,2605447d40798f72fef3f341aa315a95
c75c40e7-5152-47b3-980f-844b17b7bc52,3155bb2977181a95b2f064d1025411b6
c8e94d97-012c-49d4-8f8e-60bbe7538a14,a985a7ba29f92d88652cc2f357020aa4
c94eb195-8804-4b01-a493-08ad8d5edf4a,846e258b80746263d1872f2e78169c05
c9712eb9-48b6-4f6e-86d3-986098998529,e777f0cfdf217c012345a708515b4438
ca562db2-b276-4f2a-a707-1051cba7cd61,9cd4513cddd34c98e5a944acf747a03f
ca8b526d-b595-47aa-a83e-55c73476d7ad,6acdb19c83e056ab0ff0b8f4e253b495
caaffc05-a474-4f27-a962-5b61ff5a7ef0,cce432032104108221807b3688d40a91
cab74e90-92bf-48a8-9394-168ebff7c9f9,1bb542da1389451e1617dd776e142981
cae6d542-8b64-4d4b-bed6-622de0161168,55d608f6c00180e4d94b0b78f39abc1c
cb0a8891-2e7f-49cf-8e53-1652d7752979,30ef290da7f05e4cbad5832da33044e9
cb6db972-566b-4b3d-b07a-0c7c86a0353e,e5efb9af863daa5b48eca2ab3a60ba59
cbbd37f8-99dd-4f55-8bc7-933a77db6d40,d5b6e6ecbbaeaae15a383d144535ffa6
cbe0a6e9-ef3f-4f7c-a972-89c327e8f84f,c3c32fdf705470d47b5c7c0e5fbe8e3f
cc382d4f-0f56-4aec-81b3-e79d6dd4d8f6,3ae554cb9d177080c030d59d28829279
cc9236c5-59dd-4ab9-89af-ad9b304dd7f1,39e208fd7bc6d6c456e2199dc5ba7250
cdb8e1b3-35a5-4672-aa3a-79782856bd17,780582a5d6be4f12ce43afbd1cb95250
ce43d286-f286-479c-a288-f99fd764ebc6,a1afb178d58f0c9678bca47d09ba164b
ce75cf9b-04ef-43ad-b086-f1a18e34b323,38950d1f21661ddd2aeabd632e6c78b9
ce791a28-775b-4ac2-8740-0bff2f8956b3,4637180b6710ba2009116dc67ab7d126
cf397440-a87a-4d4a-9f35-179e0d2cd648,e515dbb7e00c4ee0dccb37530230880c
cfef667e-6114-4dd4-8db2-c412d3226c2e,462d7d7d4185818be5b8386cf30b4518
cff15a2b-ad7a-4712-8c12-d6598e13de82,b143c7828ae4f34e20d29df950e71e12
d08b07cb-aa0b-46e6-9035-775bc2a3340a,5429f6157799fea7e4312cd54c0f188c
d13ce0e1-df1f-466f-ba01-008a58b783fa,51079ec4d624f5c6a0a385a671b902ea
d2d9833d-f660-4cfe-9441-948e18acf71c,6959c01cecf42500b8e98a5f10206daa
d41603e1-e224-4d5f-b495-d0fafc2ceb39,0bcd73faffc468215df262bee82f8672
d4bdd51c-6b85-4992-b9a1-a870aee3bf8c,e1dacef6c77937edd4d7337b8260abc9
d52c24c1-d8db-404d-a3d0-4dc89d9250aa,ae064f403a6da0a245790085c1edb456
d5f678ce-6aaa-471d-b5f6-0a1b3e8fb799,db600f6234b906ac9179e81aa4bbe659
d6956582-b4f6-4b9a-8caa-40ac3c0c3700,89d28c6e633aea995ec307997c2db280
d71fb65b-0c78-4b59-88de-c14ef435d407,b9e4b43c401cd78eb8d4f8172edf1e9c
d771d857-522f-495f-be9b-7ba8224e3f49,a154b9d31025afbb0a2c4407273fa994
d77c8cf1-5c7d-4b20-ae59-853c4b176089,a308abebdac57d95618e001eb3ed626e
d7a93eac-b4d8-4e6d-94af-a8e5689c78ce,b7ce81a53e8f18242b3ed3227afde9eb
d890faa9-23d6-49d1-ae88-79e6a67a4d88,4affa8c97d3dfc9acbae2982b3e750ad
d8a12eba-d742-42c6-967a-337e3b5029c4,342878e0cb5ea93285e694e52998da4a
d8b3b64d-c5d6-4a2d-8aa1-08f4589cd3f3,61b7a60f9849a4f72fbdf4a196992660
d8c452f4-61c9-45f7-8722-dd0ac8b1ee32,df274adf2b8e840bedc546f322feb591
d919394e-5971-4175-bf06-9078860bf3cc,c3e7c5e1e83bcbd9fa3df735dd4d13c8
d91b5e5d-c255-4452-851c-541d5685c4b2,dbc2d790b44a3491e1dfe657b42b1732
dae4964b-754b-4fe2-8966-2a303f9ece65,b97c3ad11bad3490d1917f7f3fdd58cd
dbabe5cb-bf67-4ef2-bb29-b8db81507138,8fa27adc8e68abfd9f564bac4a6404c0
dbeb1a94-fc42-47e8-b911-c3d252df3a7f,d4536f517b309998c48ba6b7ccccd936
dc0600b1-44ee-455e-b12a-52539a39695a,8c283e2cfaabaf48285dc4de3ab07774
dc6ad91f-fdf3-4013-bf75-198304a262e9,a20fdced7402711acc09dc18a8f48bce
ddd8dbe5-af4a-4af1-b563-3179314325df,024434893b7ec538495f4837b86a6484
de1878c2-6b3f-4896-8e04-30f81aac9b3b,b0848302e13c53fc8310744ecd78248e
de964354-d780-4550-a1b3-0528e9410993,7b873b96e28bc8054fbde339337fb988
df0ed868-a6d7-4cef-bdcf-416c0e8446a0,f94c8283a53f1dd194ae9cd022f354c8
df2d2e93-daad-4eca-ad86-53945d622eb0,57f44f96adce71ce33a153e589c0cf51
dfb952ee-605b-4761-91b4-477e973a8227,23558a2b1a3003a86e12c6ee945b3874
e2350be6-f8c1-4bf5-a58e-19c8c2c8c7a9,ab43efe1b1a5ea54f31871d3297f9e67
e268a714-48ea-433d-9e5a-0a671ab79294,6210e8489ca352d3530e6ec911fbc579
e297d127-6a00-42b0-92bd-d435398ea14b,52e61dec18d76d71aba8fdf08c994651
e3fcae67-b459-4f7c-8580-8312c0410c7d,76342db1314751813ce34c8f612db577
e4420d81-f976-4912-8149-e820ff2baed0,833d18b6937886e25ddd9344da750890
e4eb2464-57f2-414c-8595-11448cd6fe29,13ee92ce5c669da02b9a735ce1042510
e71906db-e494-42e6-8d32-e81c5f2d4be0,b1bed2539452e8f77a614c426c97797e
e7680f98-1ed8-4340-9adb-e1a84b99da95,60b8867fd06935f8e4691d887edbb1d3
e8d7e7ba-80b0-49d0-b928-cc61ce6c65f7,95e4e6f0cd21701b588636f49577ee1b
e8dedfa5-6eca-4b71-bfa9-b3be07adcf1f,b651e642c2ba36fcc8be18e172c64276
e910bda8-c430-4283-9663-be8820161c33,2262eb400ec3648e8077acb4888b2653
e940082d-df16-4e47-b018-d16df3742cd7,d462bd3470a19a9582f617183393943c
e9444735-ae11-4f01-a16c-c7a9bd62f1d6,39b78b58a4a329e6cd2dbc072b03b2fd
e95b36d4-062b-4b66-8750-9f1bdc620e77,7c6bdde89ffdff7e6a7e45a008400298
ea554611-9a61-4611-9a92-1a8e19f61c6c,265c7c06e75625da5355a07951726b3f
ead17e4c-f090-4cc8-af37-2c0099077128,a446837a1e1595ade0ef26c56783d325
ebdde970-7c08-45ff-b00b-e064d496c23f,bb34138f08a85393ed397267a200e008
ed464bba-217c-4016-a871-04e09ec554e4,dba6b9ed8e4a258e51090a92dd0a63fd
eea1dc2b-8de9-4346-aa4f-93fd810b0b06,3ae4b453136a4fca877bd88b134b9449
eedb0387-541b-4820-9d83-f82e81e9c692,68bf08d5bea651302c9f8ccd5b8af9c0
ef1b3d9e-08b6-4a30-913c-320fdc6d5f4c,8addb9066e2bc2319e812cc299a6026e
efa3fbc5-d129-46a6-be4e-8c4de3672a99,7a932e89f5da6cee5130ad7ac8c66123
f0829ddc-f229-4a92-aa86-bdc6920f9dc2,acdaea2a60d5f5924571a66cca777550
f17c2777-08ac-4c20-8162-b4b974ddcd1d,30aba790fcbb51c90392234a5f686ace
f17fd084-7815-4a0b-a1c8-f7ce63ab528c,e1393283e8852ebb89697b016e230b51
f28248bd-d6ac-47ef-9f93-4894a6041431,c8f6d5d6dd7f1afe6e5dd4916f53e036
f2d22a1e-98b5-4c6e-9dd5-d4173c877176,7a9ce34997ead9448dd55d6026f26d3c
f32c7c55-993c-44aa-8519-64c4028fa13f,0fe03149b014fbdeee067bc4f25f0c07
f332e082-23ff-445a-bdfa-c7ea7154c102,58932056097bb22d3bdbaa2cd8ec129c
f3677271-2bc6-43fa-90f4-74ddc37750e8,89f4fad6b92240345305301ce382250a
f411509b-4ad4-451a-b069-749af3bf335d,04ee88b9a6b07e1d242ec1884470341e
f4ba9809-97e0-410d-96a2-0271239bf225,6149432dfb50120abb6ad9d50577ff63
f4c31d3f-f70d-4c62-b978-ea41d388c796,4a2002d7cc7af2ca10bcd6edce2bece0
f630172b-45ba-4ec2-94a2-812621d5b8ef,7f97411f5ec5250d6b99aacc790e29af
f7a332c7-f667-4914-9121-8ceb4e8aa6b8,b71758057030dbfbfa64b29f60e36d0b
f88be3f8-6b67-42cb-b1b9-e566afc66bee,9ed8579e583ba2280ec8e267b7b3b260
fa8102bf-f50d-4ca6-9ff8-ddd82a47f63c,99e1ad4a20d1f91e295abbeb750196e3
fac794f7-ad14-4910-9d4c-02cd52a5b3c5,22f2aa5a41c6d813e28a86289f361a41
faf5ba2c-f627-4cf6-951b-2184147d143a,59ec541cc6a64ae6ddf0e6fbe28d747d
fc4e9658-d2e8-47a4-82a1-506eb1a3823e,035e4e6f07a3148ccff39924a8028a23
fc8d8783-fe55-4822-a226-5d7fbfdb740d,d2aa74ba5aa02ae07d6579e43a5454ce
fcf42dd2-a782-46cb-9457-f685a1946fbb,d3eec503c97d7702b00147e7bbeaa6f4
fe0f5699-c757-4692-9784-029a02ef0fa0,0c91c833980c66c3cf613a3f5a0578d6
fe15df74-8712-425e-bf08-be95b40d226b,0e2680941960919e1d7a6c06cd47fcd8
ff63b807-e9c8-432b-8920-197c513c54c2,a4d4e30b135af9028644adf4e8c1cdf1
fffd3086-d733-43e6-8adf-1c0077195820,04654b4c3a701bab5cc55505efbd893d
