:START_ID(IP),:END_ID(Trace)
0:0:0:0:0:0:0:1,b006e9fd3b6259e83d8af2fef64bd0e4
0:0:0:0:0:0:0:1,c7414c0045c3cc9e66ca092ceeef1588
0:0:0:0:0:0:0:1,e8462e867414bd2ec1cc791b10f8f53d
0:0:0:0:0:0:0:1,fb1aa5afadc1afb437734a3918216c45
104.16.62.16,15e21f493f3d81a035577c65a981c092
104.18.30.170,b56ac50c7a02865242a276f202690c23
104.198.136.223,b56ac50c7a02865242a276f202690c23
104.208.16.90,0785a1e2287ec3fb47b23b55e67f8695
104.208.16.90,a0d22d7410f805bbdd4992479294150d
118.214.79.16,2ca76c9c86c0c37a6489615c289dc618
125.56.218.31,a3723645b86ba22d43cb62009204362b
13.107.246.74,2ca76c9c86c0c37a6489615c289dc618
13.107.246.74,db600f6234b906ac9179e81aa4bbe659
13.107.246.74,f2d6a22c2d623fb50cfc06d47558636f
142.250.206.196,977291db1909e451bc5af3ddc491ce81
142.250.206.202,c8e827a0392393f15ec5accfa3de728a
142.250.207.110,c8e827a0392393f15ec5accfa3de728a
142.250.76.132,c8e827a0392393f15ec5accfa3de728a
142.250.76.142,c8e827a0392393f15ec5accfa3de728a
142.250.76.155,c8e827a0392393f15ec5accfa3de728a
172.217.161.206,c8e827a0392393f15ec5accfa3de728a
172.64.149.23,c2cf81e913a80a9afae296465b5b8589
173.255.203.95,77457ecfd88f69809e5ea44655aa440d
185.199.108.133,0d6b27d6d2e95f5bd1b1f30c99200043
185.199.108.133,2581bcc7721beee62ee812be564ed701
185.199.108.133,3f78e2cf2cd68a8b203e9758a2ebc6b1
185.199.108.133,47bc868412ddbc64c1bf1ecf123b8b62
185.199.108.133,5e095c6507d445c0119d80003cf09537
185.199.108.133,6775e90c50eaff6b446026b4b56d53e9
185.199.108.133,6ea016ee3ea44117eaea9aed1f0c90da
185.199.108.133,8c3306fd164ab782215abbf396bcc048
185.199.108.133,c2cf81e913a80a9afae296465b5b8589
185.199.108.133,c3f3b58aa7fe9a7286279edd020f6e68
185.199.108.133,d17dbdb510a41c0a11c8eb3861f06025
185.199.109.133,00d164704b354a220aecf39d30c8d9cc
185.199.109.133,c7414c0045c3cc9e66ca092ceeef1588
185.199.109.133,c9226647eb780e4e23328a9fd36096d5
185.199.109.133,f50bbaa6b2c243244a1a2dc8e47b9ec0
185.199.110.133,09642fc2ecb50bd2d540e58cc596514d
185.199.110.133,3f78e2cf2cd68a8b203e9758a2ebc6b1
185.199.110.133,51079ec4d624f5c6a0a385a671b902ea
185.199.110.133,5e095c6507d445c0119d80003cf09537
185.199.110.133,6775e90c50eaff6b446026b4b56d53e9
185.199.110.133,8fa27adc8e68abfd9f564bac4a6404c0
185.199.110.133,b56ac50c7a02865242a276f202690c23
185.199.110.133,c45813b78e464e4c3be9911e0a14c1bb
185.199.110.133,c8e827a0392393f15ec5accfa3de728a
185.199.110.133,c8f6d5d6dd7f1afe6e5dd4916f53e036
185.199.110.133,dbe93028a248710c63a27a448b7d773d
185.199.111.133,09642fc2ecb50bd2d540e58cc596514d
185.199.111.133,330bc03f615198cbdaba6e8707e5b3d3
185.199.111.133,349a4e9c889e6b98e98abdab3c863a4a
185.199.111.133,3f78e2cf2cd68a8b203e9758a2ebc6b1
185.199.111.133,4cea87e7e4160a4b45e6fda6e49a14e1
185.199.111.133,6775e90c50eaff6b446026b4b56d53e9
185.199.111.133,7f97411f5ec5250d6b99aacc790e29af
185.199.111.133,89d28c6e633aea995ec307997c2db280
185.199.111.133,93124a91283f6bb595fd37def66f9274
185.199.111.133,9cd4513cddd34c98e5a944acf747a03f
185.199.111.133,a9b9401a28254637b45489219ec339cb
185.199.111.133,bb34138f08a85393ed397267a200e008
185.199.111.133,d3455b36c78bb5f86b46b2697d31b9d1
191.233.128.164,035e4e6f07a3148ccff39924a8028a23
192.168.238.137,9cd4513cddd34c98e5a944acf747a03f
192.168.32.2,c8e827a0392393f15ec5accfa3de728a
192.168.91.1,5e095c6507d445c0119d80003cf09537
192.168.91.134,5e095c6507d445c0119d80003cf09537
192.168.91.2,349a4e9c889e6b98e98abdab3c863a4a
192.168.91.2,8c283e2cfaabaf48285dc4de3ab07774
192.168.91.2,d2aa74ba5aa02ae07d6579e43a5454ce
20.189.173.1,6420bb8769ff6aaa67951297a308d6e6
20.189.173.24,ab1a9cf18eaf7aad0ac26a01a23e73ab
20.189.173.6,79aa3cba5ede86046d70eed6a9cace9f
20.190.144.139,2ca76c9c86c0c37a6489615c289dc618
20.190.144.164,2ca76c9c86c0c37a6489615c289dc618
20.190.163.18,a3723645b86ba22d43cb62009204362b
20.200.245.247,4cea87e7e4160a4b45e6fda6e49a14e1
20.200.245.247,6ea016ee3ea44117eaea9aed1f0c90da
20.200.245.247,89d28c6e633aea995ec307997c2db280
20.200.245.247,c2cf81e913a80a9afae296465b5b8589
20.200.245.247,c8e827a0392393f15ec5accfa3de728a
20.200.245.247,c9226647eb780e4e23328a9fd36096d5
20.209.105.139,035e4e6f07a3148ccff39924a8028a23
20.42.65.85,0c19072a66a94fe548636d7b50a06bef
20.42.65.85,6f76450bbbc1426458199f7dc9a65b6e
20.42.73.30,cf6b3234267ef3fe31970498149dfc3e
20.60.183.11,035e4e6f07a3148ccff39924a8028a23
20.60.220.97,035e4e6f07a3148ccff39924a8028a23
23.192.228.84,4637180b6710ba2009116dc67ab7d126
23.205.119.20,db600f6234b906ac9179e81aa4bbe659
23.205.151.22,f2d6a22c2d623fb50cfc06d47558636f
23.211.210.7,f2d6a22c2d623fb50cfc06d47558636f
23.221.70.13,db600f6234b906ac9179e81aa4bbe659
239.255.255.250,c8e827a0392393f15ec5accfa3de728a
40.126.16.164,31fa0e766e2943b37514a5f32f14e7c9
40.126.16.164,e1dacef6c77937edd4d7337b8260abc9
40.126.16.165,2ca76c9c86c0c37a6489615c289dc618
40.126.35.129,3f78e2cf2cd68a8b203e9758a2ebc6b1
40.126.35.21,a3723645b86ba22d43cb62009204362b
40.126.35.80,0778f71a350314760ba51ff380f24e9e
51.132.193.105,27076f234d130bcbda8aad6204e282a1
52.109.136.6,0785a1e2287ec3fb47b23b55e67f8695
52.109.136.6,79aa3cba5ede86046d70eed6a9cace9f
52.109.136.6,a0d22d7410f805bbdd4992479294150d
52.111.224.7,ab1a9cf18eaf7aad0ac26a01a23e73ab
52.111.232.11,0c19072a66a94fe548636d7b50a06bef
52.111.232.11,27076f234d130bcbda8aad6204e282a1
52.111.232.11,6420bb8769ff6aaa67951297a308d6e6
52.111.232.11,6f76450bbbc1426458199f7dc9a65b6e
52.111.232.11,cf6b3234267ef3fe31970498149dfc3e
52.111.232.11,d5b6e6ecbbaeaae15a383d144535ffa6
52.182.143.215,d5b6e6ecbbaeaae15a383d144535ffa6
52.239.155.228,035e4e6f07a3148ccff39924a8028a23
52.239.169.4,035e4e6f07a3148ccff39924a8028a23
74.125.204.84,c8e827a0392393f15ec5accfa3de728a
8.8.8.8,38e082b33da9a4ee78a0e6ff28af6919
8.8.8.8,3f4543a4c0ebf14ec9eb40ad9bab032d
81.7.7.163,c45813b78e464e4c3be9911e0a14c1bb
93.93.131.124,c45813b78e464e4c3be9911e0a14c1bb
